"scientific_name","genus","species","IUCN","population_trend"
"Accipiter badius","Accipiter","badius","LC","Stable"
"Accipiter erythropus","Accipiter","erythropus","LC","Decreasing"
"Accipiter melanoleucus","Accipiter","melanoleucus","LC","Decreasing"
"Accipiter ovampensis","Accipiter","ovampensis","LC","Increasing"
"Accipiter rufiventris","Accipiter","rufiventris","LC","Unknown"
"Accipiter toussenelii","Accipiter","toussenelii","LC","Decreasing"
"Acrocephalus rufescens","Acrocephalus","rufescens","LC","Stable"
"Acryllium vulturinum","Acryllium","vulturinum","LC","Stable"
"Afropavo congensis","Afropavo","congensis","NT","Decreasing"
"Afrotis afra","Afrotis","afra","VU","Decreasing"
"Afrotis afraoides","Afrotis","afraoides","LC","Stable"
"Agapornis lilianae","Agapornis","lilianae","NT","Decreasing"
"Agapornis nigrigenis","Agapornis","nigrigenis","VU","Decreasing"
"Agapornis personatus","Agapornis","personatus","LC","Stable"
"Agapornis pullarius","Agapornis","pullarius","LC","Decreasing"
"Agapornis roseicollis","Agapornis","roseicollis","LC","Decreasing"
"Agapornis swindernianus","Agapornis","swindernianus","LC","Decreasing"
"Alaemon alaudipes","Alaemon","alaudipes","LC","Decreasing"
"Alaudala somalica","Alaudala","somalica","LC","Decreasing"
"Alectoris philbyi","Alectoris","philbyi","LC","Stable"
"Alectroenas sganzini","Alectroenas","sganzini","NT","Decreasing"
"Alethe poliophrys","Alethe","poliophrys",NA,NA
"Amadina erythrocephala","Amadina","erythrocephala","LC","Stable"
"Amadina fasciata","Amadina","fasciata","LC","Stable"
"Amandava subflava","Amandava","subflava","LC","Stable"
"Amaurornis marginalis","Amaurornis","marginalis","LC","Unknown"
"Amblyospiza albifrons","Amblyospiza","albifrons","LC","Stable"
"Ammomanes cinctura","Ammomanes","cinctura","LC","Decreasing"
"Ammomanopsis grayi","Ammomanopsis","grayi","LC","Stable"
"Amphilais seebohmi","Amphilais","seebohmi",NA,NA
"Anabathmis newtonii","Anabathmis","newtonii","LC","Stable"
"Anabathmis reichenbachii","Anabathmis","reichenbachii","LC","Stable"
"Anaplectes rubriceps","Anaplectes","rubriceps","LC","Stable"
"Anas melleri","Anas","melleri","EN","Decreasing"
"Anastomus lamelligerus","Anastomus","lamelligerus","LC","Stable"
"Andropadus importunus","Andropadus","importunus","LC","Stable"
"Anthoscopus caroli","Anthoscopus","caroli","LC","Decreasing"
"Anthoscopus flavifrons","Anthoscopus","flavifrons","LC","Decreasing"
"Anthoscopus musculus","Anthoscopus","musculus","LC","Stable"
"Anthoscopus parvulus","Anthoscopus","parvulus","LC","Stable"
"Anthreptes aurantius","Anthreptes","aurantius","LC","Decreasing"
"Anthreptes longuemarei","Anthreptes","longuemarei","LC","Stable"
"Anthreptes neglectus","Anthreptes","neglectus","LC","Decreasing"
"Anthreptes orientalis","Anthreptes","orientalis","LC","Stable"
"Anthreptes pallidigaster","Anthreptes","pallidigaster",NA,NA
"Anthreptes rectirostris","Anthreptes","rectirostris","LC","Decreasing"
"Anthreptes reichenowi","Anthreptes","reichenowi","LC","Decreasing"
"Anthreptes seimundi","Anthreptes","seimundi","LC","Stable"
"Anthropoides paradiseus","Anthropoides","paradiseus","VU","Decreasing"
"Anthus brachyurus","Anthus","brachyurus","LC","Stable"
"Anthus cinnamomeus","Anthus","cinnamomeus","LC","Stable"
"Anthus crenatus","Anthus","crenatus","NT","Decreasing"
"Anthus pallidiventris","Anthus","pallidiventris","LC","Stable"
"Anthus similis","Anthus","similis","LC","Stable"
"Anthus sokokensis","Anthus","sokokensis","EN",NA
"Apalis alticola","Apalis","alticola","LC","Decreasing"
"Apalis argentea","Apalis","argentea","LC","Decreasing"
"Apalis chariessa","Apalis","chariessa","NT","Decreasing"
"Apalis chirindensis","Apalis","chirindensis","VU","Decreasing"
"Apalis cinerea","Apalis","cinerea","LC","Decreasing"
"Apalis jacksoni","Apalis","jacksoni","LC","Decreasing"
"Apalis karamojae","Apalis","karamojae","VU","Decreasing"
"Apalis melanocephala","Apalis","melanocephala","LC","Decreasing"
"Apalis nigriceps","Apalis","nigriceps","LC","Stable"
"Apalis rufogularis","Apalis","rufogularis","LC","Decreasing"
"Apalis sharpii","Apalis","sharpii","NT","Decreasing"
"Apaloderma narina","Apaloderma","narina","LC","Decreasing"
"Apaloderma vittatum","Apaloderma","vittatum","LC","Decreasing"
"Aplopelia larvata","Aplopelia","larvata","LC","Decreasing"
"Apus affinis","Apus","affinis","LC","Unknown"
"Apus niansae","Apus","niansae","LC","Stable"
"Aquila fasciata","Aquila","fasciata","LC","Stable"
"Aquila heliaca","Aquila","heliaca","VU","Decreasing"
"Aquila rapax","Aquila","rapax","VU","Decreasing"
"Aquila verreauxii","Aquila","verreauxii","LC","Stable"
"Arcanator orostruthus","Arcanator","orostruthus","NT","Decreasing"
"Ardea humbloti","Ardea","humbloti","EN","Decreasing"
"Ardeola rufiventris","Ardeola","rufiventris","LC","Increasing"
"Ardeotis kori","Ardeotis","kori","NT","Decreasing"
"Arizelocichla chlorigula","Arizelocichla","chlorigula","LC","Decreasing"
"Arizelocichla milanjensis","Arizelocichla","milanjensis","NT","Decreasing"
"Arizelocichla montana","Arizelocichla","montana","LC","Decreasing"
"Artisornis metopias","Artisornis","metopias","LC","Decreasing"
"Artisornis moreaui","Artisornis","moreaui","EN","Decreasing"
"Asio abyssinicus","Asio","abyssinicus","LC","Stable"
"Asio madagascariensis","Asio","madagascariensis","LC","Decreasing"
"Atelornis crossleyi","Atelornis","crossleyi","NT","Decreasing"
"Atelornis pittoides","Atelornis","pittoides","LC","Decreasing"
"Atimastillas flavicollis","Atimastillas","flavicollis","LC","Stable"
"Aviceda madagascariensis","Aviceda","madagascariensis","LC","Decreasing"
"Baeopogon clamans","Baeopogon","clamans","LC","Decreasing"
"Balearica pavonina","Balearica","pavonina","VU","Decreasing"
"Balearica regulorum","Balearica","regulorum","EN","Decreasing"
"Bathmocercus cerviniventris","Bathmocercus","cerviniventris","DD","Decreasing"
"Bathmocercus rufus","Bathmocercus","rufus","LC","Decreasing"
"Batis crypta","Batis","crypta","LC","Decreasing"
"Batis diops","Batis","diops","LC","Decreasing"
"Batis ituriensis","Batis","ituriensis","LC","Decreasing"
"Batis minor","Batis","minor","LC","Unknown"
"Batis mixta","Batis","mixta","LC","Decreasing"
"Batis occulta","Batis","occulta","LC","Decreasing"
"Batis orientalis","Batis","orientalis","LC","Stable"
"Batis perkeo","Batis","perkeo","LC","Stable"
"Batis poensis","Batis","poensis","LC","Stable"
"Batis senegalensis","Batis","senegalensis","LC","Decreasing"
"Batis soror","Batis","soror","LC","Stable"
"Bernieria madagascariensis","Bernieria","madagascariensis","NT","Decreasing"
"Bias musicus","Bias","musicus","LC","Decreasing"
"Bleda canicapillus","Bleda","canicapillus","LC",NA
"Bleda eximia","Bleda","eximia",NA,NA
"Bleda notatus","Bleda","notatus","LC","Decreasing"
"Bleda syndactylus","Bleda","syndactylus","LC","Decreasing"
"Bostrychia hagedash","Bostrychia","hagedash","LC","Unknown"
"Bostrychia olivacea","Bostrychia","olivacea","LC","Decreasing"
"Bradornis fuliginosus","Bradornis","fuliginosus",NA,NA
"Bradornis ussheri","Bradornis","ussheri",NA,NA
"Bradypterus baboecala","Bradypterus","baboecala","LC","Stable"
"Bradypterus bangwaensis","Bradypterus","bangwaensis","LC","Stable"
"Bradypterus brunneus","Bradypterus","brunneus","LC","Decreasing"
"Bradypterus graueri","Bradypterus","graueri","VU","Decreasing"
"Bubalornis albirostris","Bubalornis","albirostris","LC","Stable"
"Bubalornis niger","Bubalornis","niger","LC","Stable"
"Bubo africanus","Bubo","africanus","LC","Stable"
"Bubo poensis","Bubo","poensis","LC","Decreasing"
"Bubo vosseleri","Bubo","vosseleri",NA,NA
"Bucorvus leadbeateri","Bucorvus","leadbeateri","VU","Decreasing"
"Bugeranus carunculatus","Bugeranus","carunculatus","VU","Decreasing"
"Burhinus senegalensis","Burhinus","senegalensis","LC","Unknown"
"Buteo augur","Buteo","augur","LC","Decreasing"
"Buteo auguralis","Buteo","auguralis","LC","Stable"
"Buteo brachypterus","Buteo","brachypterus","LC","Stable"
"Buteo oreophilus","Buteo","oreophilus","NT","Decreasing"
"Bycanistes brevis","Bycanistes","brevis","LC","Decreasing"
"Bycanistes bucinator","Bycanistes","bucinator","LC","Decreasing"
"Bycanistes fistulator","Bycanistes","fistulator","LC","Decreasing"
"Bycanistes subcylindricus","Bycanistes","subcylindricus","LC","Decreasing"
"Calamonastes fasciolatus","Calamonastes","fasciolatus","LC","Stable"
"Calamonastes undosus","Calamonastes","undosus","LC","Stable"
"Calamonastides gracilirostris","Calamonastides","gracilirostris","VU","Decreasing"
"Calandrella blanfordi","Calandrella","blanfordi","LC","Unknown"
"Calendulauda africanoides","Calendulauda","africanoides","LC","Stable"
"Calendulauda albescens","Calendulauda","albescens","LC","Decreasing"
"Calendulauda alopex","Calendulauda","alopex",NA,NA
"Calendulauda erythrochlamys","Calendulauda","erythrochlamys","LC","Stable"
"Calendulauda poecilosterna","Calendulauda","poecilosterna","LC","Decreasing"
"Calicalicus madagascariensis","Calicalicus","madagascariensis","LC","Decreasing"
"Calicalicus rufocarpalis","Calicalicus","rufocarpalis","VU","Decreasing"
"Camaroptera chloronota","Camaroptera","chloronota","LC","Decreasing"
"Campephaga flava","Campephaga","flava","LC","Stable"
"Campephaga petiti","Campephaga","petiti","LC","Decreasing"
"Campephaga quiscalina","Campephaga","quiscalina","LC","Decreasing"
"Campethera bennettii","Campethera","bennettii","LC","Stable"
"Campethera cailliautii","Campethera","cailliautii","LC","Stable"
"Campethera caroli","Campethera","caroli",NA,NA
"Campethera maculosa","Campethera","maculosa","LC","Increasing"
"Campethera mombassica","Campethera","mombassica","LC","Decreasing"
"Campethera notata","Campethera","notata","NT","Stable"
"Campethera punctuligera","Campethera","punctuligera","LC","Stable"
"Canirallus kioloides","Canirallus","kioloides",NA,NA
"Canirallus oculeus","Canirallus","oculeus","LC","Decreasing"
"Caprimulgus batesi","Caprimulgus","batesi","LC","Decreasing"
"Caprimulgus clarus","Caprimulgus","clarus","LC","Stable"
"Caprimulgus climacurus","Caprimulgus","climacurus",NA,NA
"Caprimulgus donaldsoni","Caprimulgus","donaldsoni","LC","Stable"
"Caprimulgus enarratus","Caprimulgus","enarratus",NA,NA
"Caprimulgus fossii","Caprimulgus","fossii","LC","Stable"
"Caprimulgus fraenatus","Caprimulgus","fraenatus","LC","Stable"
"Caprimulgus poliocephalus","Caprimulgus","poliocephalus","LC","Decreasing"
"Caprimulgus tristigma","Caprimulgus","tristigma","LC","Stable"
"Cecropis daurica","Cecropis","daurica","LC","Increasing"
"Cecropis semirufa","Cecropis","semirufa","LC","Increasing"
"Centropus anselli","Centropus","anselli","LC","Stable"
"Centropus grillii","Centropus","grillii","LC","Stable"
"Centropus leucogaster","Centropus","leucogaster","LC","Decreasing"
"Centropus monachus","Centropus","monachus","LC","Decreasing"
"Centropus toulou","Centropus","toulou","LC","Decreasing"
"Ceratogymna atrata","Ceratogymna","atrata","NT","Decreasing"
"Ceratogymna elata","Ceratogymna","elata","VU","Decreasing"
"Cercococcyx montanus","Cercococcyx","montanus","LC","Decreasing"
"Cercotrichas hartlaubi","Cercotrichas","hartlaubi","LC","Stable"
"Cercotrichas paena","Cercotrichas","paena","LC","Stable"
"Cercotrichas podobe","Cercotrichas","podobe","LC","Stable"
"Certhilauda chuana","Certhilauda","chuana","LC","Decreasing"
"Certhilauda subcoronata","Certhilauda","subcoronata","LC","Stable"
"Ceuthmochares aereus","Ceuthmochares","aereus","LC","Decreasing"
"Chalcomitra amethystina","Chalcomitra","amethystina","LC","Stable"
"Chalcomitra fuliginosa","Chalcomitra","fuliginosa","LC","Stable"
"Chalcomitra senegalensis","Chalcomitra","senegalensis","LC","Stable"
"Chelictinia riocourii","Chelictinia","riocourii","VU","Decreasing"
"Chlorocichla flaviventris","Chlorocichla","flaviventris","LC","Stable"
"Chlorocichla laetissima","Chlorocichla","laetissima","LC","Decreasing"
"Chlorocichla simplex","Chlorocichla","simplex","LC","Stable"
"Chlorophoneus multicolor","Chlorophoneus","multicolor","LC","Decreasing"
"Chlorophoneus olivaceus","Chlorophoneus","olivaceus","LC","Decreasing"
"Chrysococcyx cupreus","Chrysococcyx","cupreus","LC","Decreasing"
"Chrysococcyx flavigularis","Chrysococcyx","flavigularis","LC","Decreasing"
"Chrysococcyx klaas","Chrysococcyx","klaas","LC","Decreasing"
"Cinnyricinclus femoralis","Cinnyricinclus","femoralis",NA,NA
"Cinnyris afer","Cinnyris","afer","LC","Stable"
"Cinnyris bifasciatus","Cinnyris","bifasciatus","LC","Stable"
"Cinnyris chalybeus","Cinnyris","chalybeus","LC","Stable"
"Cinnyris coccinigastrus","Cinnyris","coccinigastrus","LC","Stable"
"Cinnyris cupreus","Cinnyris","cupreus","LC","Stable"
"Cinnyris habessinicus","Cinnyris","habessinicus","LC","Stable"
"Cinnyris johannae","Cinnyris","johannae","LC","Decreasing"
"Cinnyris ludovicensis","Cinnyris","ludovicensis","LC","Stable"
"Cinnyris manoensis","Cinnyris","manoensis","LC","Stable"
"Cinnyris mariquensis","Cinnyris","mariquensis","LC","Stable"
"Cinnyris mediocris","Cinnyris","mediocris","LC",NA
"Cinnyris moreaui","Cinnyris","moreaui","LC","Decreasing"
"Cinnyris nectarinioides","Cinnyris","nectarinioides","LC","Stable"
"Cinnyris neergaardi","Cinnyris","neergaardi","NT","Decreasing"
"Cinnyris notatus","Cinnyris","notatus","LC","Decreasing"
"Cinnyris osea","Cinnyris","osea","LC","Stable"
"Cinnyris pembae","Cinnyris","pembae","LC","Stable"
"Cinnyris regius","Cinnyris","regius","LC","Decreasing"
"Cinnyris reichenowi","Cinnyris","reichenowi","LC","Stable"
"Cinnyris sovimanga","Cinnyris","sovimanga","LC","Decreasing"
"Cinnyris superbus","Cinnyris","superbus","LC","Decreasing"
"Cinnyris ursulae","Cinnyris","ursulae","LC","Decreasing"
"Cinnyris venustus","Cinnyris","venustus","LC","Stable"
"Circaetus beaudouini","Circaetus","beaudouini","VU","Decreasing"
"Circaetus cinerascens","Circaetus","cinerascens","LC","Decreasing"
"Circaetus gallicus","Circaetus","gallicus","LC","Stable"
"Circus aeruginosus","Circus","aeruginosus","LC","Stable"
"Circus maillardi","Circus","maillardi","EN","Decreasing"
"Circus ranivorus","Circus","ranivorus","LC","Decreasing"
"Cisticola aberrans","Cisticola","aberrans","LC","Stable"
"Cisticola aridulus","Cisticola","aridulus","LC","Increasing"
"Cisticola ayresii","Cisticola","ayresii","LC","Decreasing"
"Cisticola bodessa","Cisticola","bodessa","LC","Stable"
"Cisticola brunnescens","Cisticola","brunnescens","LC","Stable"
"Cisticola bulliens","Cisticola","bulliens","LC","Stable"
"Cisticola cantans","Cisticola","cantans","LC","Stable"
"Cisticola carruthersi","Cisticola","carruthersi","LC","Decreasing"
"Cisticola cherina","Cisticola","cherina","LC","Stable"
"Cisticola chubbi","Cisticola","chubbi","LC","Stable"
"Cisticola erythrops","Cisticola","erythrops","LC","Stable"
"Cisticola galactotes","Cisticola","galactotes","LC","Unknown"
"Cisticola lais","Cisticola","lais","LC","Stable"
"Cisticola lateralis","Cisticola","lateralis","LC","Stable"
"Cisticola marginatus","Cisticola","marginatus","LC","Stable"
"Cisticola melanurus","Cisticola","melanurus","LC","Stable"
"Cisticola natalensis","Cisticola","natalensis","LC","Stable"
"Cisticola nigriloris","Cisticola","nigriloris","LC","Stable"
"Cisticola njombe","Cisticola","njombe","LC","Stable"
"Cisticola pipiens","Cisticola","pipiens","LC","Stable"
"Cisticola robustus","Cisticola","robustus","LC","Stable"
"Cisticola ruficeps","Cisticola","ruficeps","LC","Stable"
"Cisticola rufilatus","Cisticola","rufilatus","LC","Decreasing"
"Cisticola rufus","Cisticola","rufus","LC","Stable"
"Cisticola tinniens","Cisticola","tinniens","LC","Stable"
"Clamator jacobinus","Clamator","jacobinus","LC","Stable"
"Coccopygia melanotis","Coccopygia","melanotis","LC","Stable"
"Colius castanotus","Colius","castanotus","LC","Decreasing"
"Colius colius","Colius","colius","LC","Increasing"
"Colius striatus","Colius","striatus","LC","Increasing"
"Columba albinucha","Columba","albinucha","LC","Decreasing"
"Columba albitorques","Columba","albitorques",NA,NA
"Columba delegorguei","Columba","delegorguei","LC","Decreasing"
"Columba guinea","Columba","guinea","LC","Stable"
"Columba iriditorques","Columba","iriditorques","LC","Decreasing"
"Columba oliviae","Columba","oliviae","LC","Unknown"
"Columba pollenii","Columba","pollenii","NT","Decreasing"
"Columba thomensis","Columba","thomensis","EN","Decreasing"
"Columba unicincta","Columba","unicincta","LC","Decreasing"
"Coracias caudatus","Coracias","caudatus","LC","Stable"
"Coracias cyanogaster","Coracias","cyanogaster","LC","Decreasing"
"Coracina graueri","Coracina","graueri",NA,NA
"Coracopsis nigra","Coracopsis","nigra","VU","Decreasing"
"Corvus albicollis","Corvus","albicollis","LC","Decreasing"
"Corvus crassirostris","Corvus","crassirostris","LC","Stable"
"Corvus edithae","Corvus","edithae","LC","Stable"
"Corvus rhipidurus","Corvus","rhipidurus","LC","Decreasing"
"Corvus ruficollis","Corvus","ruficollis","LC","Increasing"
"Corythaeola cristata","Corythaeola","cristata","LC","Decreasing"
"Corythornis madagascariensis","Corythornis","madagascariensis","LC","Decreasing"
"Cossypha archeri","Cossypha","archeri",NA,NA
"Cossypha niveicapilla","Cossypha","niveicapilla","LC","Stable"
"Cossypha semirufa","Cossypha","semirufa","LC","Decreasing"
"Coturnix coturnix","Coturnix","coturnix","LC","Decreasing"
"Coua coquereli","Coua","coquereli","LC","Decreasing"
"Coua cristata","Coua","cristata","LC","Decreasing"
"Coua gigas","Coua","gigas","VU","Decreasing"
"Coua reynaudii","Coua","reynaudii","LC","Decreasing"
"Coua verreauxi","Coua","verreauxi","LC","Decreasing"
"Crinifer piscator","Crinifer","piscator","LC","Stable"
"Crinifer zonurus","Crinifer","zonurus","LC","Stable"
"Criniger calurus","Criniger","calurus","LC","Stable"
"Criniger chloronotus","Criniger","chloronotus","LC","Stable"
"Criniger ndussumensis","Criniger","ndussumensis","LC","Decreasing"
"Criniger olivaceus","Criniger","olivaceus","VU","Decreasing"
"Crithagra ankoberensis","Crithagra","ankoberensis","VU","Decreasing"
"Crithagra atrogularis","Crithagra","atrogularis","LC","Stable"
"Crithagra capistrata","Crithagra","capistrata","LC","Decreasing"
"Crithagra citrinipectus","Crithagra","citrinipectus","LC","Decreasing"
"Crithagra dorsostriata","Crithagra","dorsostriata","LC","Stable"
"Crithagra flaviventris","Crithagra","flaviventris","LC","Stable"
"Crithagra frontalis","Crithagra","frontalis","LC","Stable"
"Crithagra gularis","Crithagra","gularis","LC","Stable"
"Crithagra hyposticta","Crithagra","hyposticta","LC","Stable"
"Crithagra koliensis","Crithagra","koliensis","LC","Decreasing"
"Crithagra menachensis","Crithagra","menachensis","LC","Stable"
"Crithagra mennelli","Crithagra","mennelli","LC","Stable"
"Crithagra mozambica","Crithagra","mozambica","LC","Decreasing"
"Crithagra reichenowi","Crithagra","reichenowi","LC","Stable"
"Crithagra rufobrunnea","Crithagra","rufobrunnea","LC","Stable"
"Crithagra sulphurata","Crithagra","sulphurata","LC","Stable"
"Crithagra symonsi","Crithagra","symonsi","LC","Stable"
"Crithagra totta","Crithagra","totta","LC","Stable"
"Crithagra tristriata","Crithagra","tristriata","LC","Stable"
"Crithagra xantholaema","Crithagra","xantholaema","NT","Decreasing"
"Crithagra xanthopygia","Crithagra","xanthopygia","LC","Stable"
"Crossleyia xanthophrys","Crossleyia","xanthophrys",NA,NA
"Cryptosylvicola randrianasoloi","Cryptosylvicola","randrianasoloi","LC","Decreasing"
"Cuculus clamosus","Cuculus","clamosus","LC","Decreasing"
"Cuculus gularis","Cuculus","gularis","LC","Stable"
"Cuculus poliocephalus","Cuculus","poliocephalus","LC","Decreasing"
"Cuculus rochii","Cuculus","rochii","LC","Decreasing"
"Cuculus solitarius","Cuculus","solitarius","LC","Decreasing"
"Cursorius cursor","Cursorius","cursor","LC","Unknown"
"Cursorius rufus","Cursorius","rufus","LC","Stable"
"Cyanochen cyanoptera","Cyanochen","cyanoptera","NT","Decreasing"
"Cyanograucalus azureus","Cyanograucalus","azureus","LC","Decreasing"
"Cyanomitra alinae","Cyanomitra","alinae","LC","Decreasing"
"Cyanomitra olivacea","Cyanomitra","olivacea","LC","Stable"
"Cypsiurus parvus","Cypsiurus","parvus","LC","Increasing"
"Deleornis axillaris","Deleornis","axillaris","LC","Decreasing"
"Dendrocygna bicolor","Dendrocygna","bicolor","LC","Decreasing"
"Dendrocygna viduata","Dendrocygna","viduata","LC","Increasing"
"Dendroperdix sephaena","Dendroperdix","sephaena",NA,NA
"Dendropicos abyssinicus","Dendropicos","abyssinicus","LC","Decreasing"
"Dendropicos elachus","Dendropicos","elachus","LC","Unknown"
"Dendropicos elliotii","Dendropicos","elliotii","LC","Decreasing"
"Dendropicos gabonensis","Dendropicos","gabonensis","LC","Decreasing"
"Dendropicos goertae","Dendropicos","goertae","LC","Decreasing"
"Dendropicos griseocephalus","Dendropicos","griseocephalus","LC","Decreasing"
"Dendropicos lugubris","Dendropicos","lugubris","LC","Decreasing"
"Dendropicos poecilolaemus","Dendropicos","poecilolaemus","LC","Decreasing"
"Dendropicos stierlingi","Dendropicos","stierlingi","LC","Decreasing"
"Dendropicos xantholophus","Dendropicos","xantholophus","LC","Decreasing"
"Dicrurus atripennis","Dicrurus","atripennis","LC","Decreasing"
"Dicrurus forficatus","Dicrurus","forficatus","LC","Decreasing"
"Dicrurus modestus","Dicrurus","modestus","LC","Stable"
"Dinemellia dinemelli","Dinemellia","dinemelli","LC","Stable"
"Drepanorhynchus reichenowi","Drepanorhynchus","reichenowi","LC","Stable"
"Dreptes thomensis","Dreptes","thomensis","VU","Decreasing"
"Dryoscopus angolensis","Dryoscopus","angolensis","LC","Decreasing"
"Dryoscopus cubla","Dryoscopus","cubla","LC","Decreasing"
"Dryoscopus gambensis","Dryoscopus","gambensis","LC","Stable"
"Dryoscopus pringlii","Dryoscopus","pringlii","LC","Stable"
"Dryoscopus sabini","Dryoscopus","sabini","LC","Decreasing"
"Dryoscopus senegalensis","Dryoscopus","senegalensis","LC","Decreasing"
"Egretta garzetta","Egretta","garzetta","LC","Stable"
"Elminia albicauda","Elminia","albicauda","LC","Stable"
"Elminia albiventris","Elminia","albiventris","LC","Decreasing"
"Elminia longicauda","Elminia","longicauda","LC","Decreasing"
"Emarginata schlegelii","Emarginata","schlegelii","LC","Stable"
"Emarginata sinuata","Emarginata","sinuata","LC","Stable"
"Emberiza affinis","Emberiza","affinis","LC","Decreasing"
"Emberiza flaviventris","Emberiza","flaviventris","LC","Stable"
"Emberiza goslingi","Emberiza","goslingi","LC","Stable"
"Emberiza striolata","Emberiza","striolata","LC","Increasing"
"Eremomela atricollis","Eremomela","atricollis","LC","Decreasing"
"Eremomela badiceps","Eremomela","badiceps","LC","Decreasing"
"Eremomela canescens","Eremomela","canescens","LC","Stable"
"Eremopterix australis","Eremopterix","australis","LC","Decreasing"
"Eremopterix hova","Eremopterix","hova","LC","Increasing"
"Eremopterix signatus","Eremopterix","signatus","LC","Increasing"
"Eremopterix verticalis","Eremopterix","verticalis","LC","Stable"
"Erythrocercus livingstonei","Erythrocercus","livingstonei","LC","Stable"
"Estrilda erythronotos","Estrilda","erythronotos",NA,NA
"Estrilda kandti","Estrilda","kandti",NA,NA
"Estrilda melpoda","Estrilda","melpoda",NA,NA
"Estrilda troglodytes","Estrilda","troglodytes","LC","Stable"
"Euodice cantans","Euodice","cantans","LC","Stable"
"Euplectes ardens","Euplectes","ardens","LC","Stable"
"Euplectes aureus","Euplectes","aureus","LC","Stable"
"Euplectes capensis","Euplectes","capensis","LC","Stable"
"Euplectes diadematus","Euplectes","diadematus","LC","Stable"
"Euplectes gierowii","Euplectes","gierowii","LC","Stable"
"Euplectes hordeaceus","Euplectes","hordeaceus","LC","Stable"
"Euplectes jacksoni","Euplectes","jacksoni","LC","Decreasing"
"Euplectes orix","Euplectes","orix","LC","Stable"
"Euplectes psammacromius","Euplectes","psammacromius","LC","Stable"
"Eupodotis senegalensis","Eupodotis","senegalensis","LC","Decreasing"
"Eurillas ansorgei","Eurillas","ansorgei","LC","Stable"
"Eurillas curvirostris","Eurillas","curvirostris","LC","Decreasing"
"Eurillas gracilis","Eurillas","gracilis","LC","Stable"
"Eurillas virens","Eurillas","virens","LC","Stable"
"Euryceros prevostii","Euryceros","prevostii","EN","Decreasing"
"Eurystomus azureus","Eurystomus","azureus","NT","Decreasing"
"Eurystomus glaucurus","Eurystomus","glaucurus","LC","Decreasing"
"Eurystomus gularis","Eurystomus","gularis","LC","Decreasing"
"Euschistospiza dybowskii","Euschistospiza","dybowskii","LC","Stable"
"Falco alopex","Falco","alopex","LC","Stable"
"Falco chicquera","Falco","chicquera","NT","Decreasing"
"Falco fasciinucha","Falco","fasciinucha","VU","Decreasing"
"Falco naumanni","Falco","naumanni","LC","Stable"
"Falco newtoni","Falco","newtoni","LC","Increasing"
"Falco rupicoloides","Falco","rupicoloides","LC","Stable"
"Falculea palliata","Falculea","palliata","LC","Decreasing"
"Foudia madagascariensis","Foudia","madagascariensis","LC","Stable"
"Foudia omissa","Foudia","omissa","LC","Decreasing"
"Fraseria cinerascens","Fraseria","cinerascens","LC","Stable"
"Fraseria griseigularis","Fraseria","griseigularis","LC","Decreasing"
"Fraseria ocreata","Fraseria","ocreata","LC","Decreasing"
"Fraseria olivascens","Fraseria","olivascens","LC","Decreasing"
"Fraseria plumbea","Fraseria","plumbea","LC","Stable"
"Fraseria tessmanni","Fraseria","tessmanni","LC","Unknown"
"Gactornis enarratus","Gactornis","enarratus","NT","Decreasing"
"Geokichla camaronensis","Geokichla","camaronensis","LC","Decreasing"
"Geokichla crossleyi","Geokichla","crossleyi","LC","Decreasing"
"Geokichla gurneyi","Geokichla","gurneyi","LC","Decreasing"
"Geopelia striata","Geopelia","striata","LC","Stable"
"Geronticus calvus","Geronticus","calvus","NT","Stable"
"Glaucidium capense","Glaucidium","capense","LC","Decreasing"
"Glaucidium perlatum","Glaucidium","perlatum","LC","Decreasing"
"Guttera pucherani","Guttera","pucherani","LC","Decreasing"
"Gymnobucco peli","Gymnobucco","peli","LC","Decreasing"
"Gymnobucco sladeni","Gymnobucco","sladeni","LC","Decreasing"
"Gymnoris dentata","Gymnoris","dentata","LC","Stable"
"Gymnoris pyrgita","Gymnoris","pyrgita","LC","Stable"
"Gymnoris superciliaris","Gymnoris","superciliaris","LC","Stable"
"Gypohierax angolensis","Gypohierax","angolensis","LC","Decreasing"
"Halcyon badia","Halcyon","badia","LC","Decreasing"
"Halcyon malimbica","Halcyon","malimbica","LC","Decreasing"
"Haliaeetus vociferoides","Haliaeetus","vociferoides","CR","Decreasing"
"Hartertula flavoviridis","Hartertula","flavoviridis","NT",NA
"Hedydipna collaris","Hedydipna","collaris","LC","Decreasing"
"Hemimacronyx chloris","Hemimacronyx","chloris","VU","Decreasing"
"Heteromirafra ruddi","Heteromirafra","ruddi","EN","Decreasing"
"Hieraaetus ayresii","Hieraaetus","ayresii","LC","Decreasing"
"Hieraaetus pennatus","Hieraaetus","pennatus","LC","Stable"
"Himantornis haematopus","Himantornis","haematopus","LC","Decreasing"
"Hirundo leucosoma","Hirundo","leucosoma","LC","Increasing"
"Hirundo lucida","Hirundo","lucida","LC","Increasing"
"Hirundo megaensis","Hirundo","megaensis","VU","Decreasing"
"Hirundo nigrorufa","Hirundo","nigrorufa","LC","Stable"
"Hirundo rustica","Hirundo","rustica","LC","Decreasing"
"Hirundo smithii","Hirundo","smithii","LC","Increasing"
"Histurgops ruficauda","Histurgops","ruficauda","LC","Stable"
"Horizocerus hartlaubi","Horizocerus","hartlaubi","LC","Decreasing"
"Hylia prasina","Hylia","prasina","LC","Stable"
"Hylopsar cupreocauda","Hylopsar","cupreocauda","NT","Decreasing"
"Hypargos niveoguttatus","Hypargos","niveoguttatus","LC","Stable"
"Hypergerus atriceps","Hypergerus","atriceps","LC","Decreasing"
"Hypsipetes madagascariensis","Hypsipetes","madagascariensis","LC","Stable"
"Iduna natalensis","Iduna","natalensis","LC","Stable"
"Iduna pallida","Iduna","pallida","LC","Unknown"
"Iduna similis","Iduna","similis","LC","Stable"
"Illadopsis fulvescens","Illadopsis","fulvescens","LC","Stable"
"Illadopsis puveli","Illadopsis","puveli","LC","Stable"
"Illadopsis pyrrhoptera","Illadopsis","pyrrhoptera","LC","Decreasing"
"Illadopsis rufescens","Illadopsis","rufescens","NT","Decreasing"
"Illadopsis rufipennis","Illadopsis","rufipennis","LC","Decreasing"
"Illadopsis turdina","Illadopsis","turdina","LC","Decreasing"
"Indicator exilis","Indicator","exilis","LC","Decreasing"
"Indicator indicator","Indicator","indicator","LC","Increasing"
"Indicator maculatus","Indicator","maculatus","LC","Decreasing"
"Indicator willcocksi","Indicator","willcocksi","LC","Decreasing"
"Ispidina lecontei","Ispidina","lecontei","LC","Decreasing"
"Ispidina madagascariensis","Ispidina","madagascariensis",NA,NA
"Ixonotus guttatus","Ixonotus","guttatus","LC","Stable"
"Jynx ruficollis","Jynx","ruficollis","LC","Increasing"
"Kakamega poliothorax","Kakamega","poliothorax","LC","Decreasing"
"Kupeornis gilberti","Kupeornis","gilberti","VU","Decreasing"
"Kupeornis rufocinctus","Kupeornis","rufocinctus","EN","Decreasing"
"Lagonosticta larvata","Lagonosticta","larvata","LC","Stable"
"Lagonosticta nitidula","Lagonosticta","nitidula","LC","Stable"
"Lagonosticta rhodopareia","Lagonosticta","rhodopareia","LC","Stable"
"Lagonosticta rufopicta","Lagonosticta","rufopicta","LC","Stable"
"Lagonosticta sanguinodorsalis","Lagonosticta","sanguinodorsalis","LC","Stable"
"Lagonosticta senegala","Lagonosticta","senegala","LC","Stable"
"Lamprotornis albicapillus","Lamprotornis","albicapillus","LC","Stable"
"Lamprotornis bicolor","Lamprotornis","bicolor","LC","Stable"
"Lamprotornis chloropterus","Lamprotornis","chloropterus","LC","Stable"
"Lamprotornis fischeri","Lamprotornis","fischeri","LC","Stable"
"Lamprotornis mevesii","Lamprotornis","mevesii","LC","Unknown"
"Lamprotornis nitens","Lamprotornis","nitens","LC","Stable"
"Lamprotornis ornatus","Lamprotornis","ornatus","LC","Unknown"
"Lamprotornis pulcher","Lamprotornis","pulcher","LC","Stable"
"Lamprotornis purpuroptera","Lamprotornis","purpuroptera","LC","Unknown"
"Lamprotornis shelleyi","Lamprotornis","shelleyi","LC","Stable"
"Lamprotornis splendidus","Lamprotornis","splendidus","LC","Unknown"
"Lamprotornis unicolor","Lamprotornis","unicolor","LC","Unknown"
"Laniarius amboimensis","Laniarius","amboimensis",NA,NA
"Laniarius atrococcineus","Laniarius","atrococcineus","LC","Increasing"
"Laniarius barbarus","Laniarius","barbarus","LC","Stable"
"Laniarius bicolor","Laniarius","bicolor","LC","Decreasing"
"Laniarius erythrogaster","Laniarius","erythrogaster","LC","Stable"
"Laniarius ferrugineus","Laniarius","ferrugineus","LC","Stable"
"Laniarius fuelleborni","Laniarius","fuelleborni","LC","Decreasing"
"Laniarius leucorhynchus","Laniarius","leucorhynchus","LC","Unknown"
"Laniarius luehderi","Laniarius","luehderi","LC","Stable"
"Laniarius mufumbiri","Laniarius","mufumbiri","NT","Decreasing"
"Laniarius poensis","Laniarius","poensis","LC","Decreasing"
"Laniarius sublacteus","Laniarius","sublacteus","LC","Decreasing"
"Lanioturdus torquatus","Lanioturdus","torquatus","LC","Increasing"
"Lanius cabanisi","Lanius","cabanisi","LC","Stable"
"Lanius collaris","Lanius","collaris","LC","Increasing"
"Lanius meridionalis","Lanius","meridionalis","VU","Decreasing"
"Lanius somalicus","Lanius","somalicus","LC","Stable"
"Lanius souzae","Lanius","souzae","LC","Decreasing"
"Leptoptilos crumenifer","Leptoptilos","crumenifer","LC","Decreasing"
"Linaria yemenensis","Linaria","yemenensis","LC","Stable"
"Linurgus olivaceus","Linurgus","olivaceus","LC","Stable"
"Lissotis hartlaubii","Lissotis","hartlaubii","LC","Stable"
"Lissotis melanogaster","Lissotis","melanogaster","LC","Decreasing"
"Lobotos oriolinus","Lobotos","oriolinus","DD","Stable"
"Lophoceros camurus","Lophoceros","camurus","LC","Decreasing"
"Lophoceros fasciatus","Lophoceros","fasciatus","LC","Unknown"
"Lophoceros pallidirostris","Lophoceros","pallidirostris","LC","Decreasing"
"Lophotibis cristata","Lophotibis","cristata","VU","Decreasing"
"Lophotis ruficrista","Lophotis","ruficrista","LC","Stable"
"Lophotis savilei","Lophotis","savilei","LC","Stable"
"Lybius chaplini","Lybius","chaplini","VU","Decreasing"
"Lybius guifsobalito","Lybius","guifsobalito","LC","Increasing"
"Lybius torquatus","Lybius","torquatus","LC","Decreasing"
"Lybius vieilloti","Lybius","vieilloti","LC","Unknown"
"Macronyx sharpei","Macronyx","sharpei","EN","Decreasing"
"Macrosphenus kretschmeri","Macrosphenus","kretschmeri","LC","Decreasing"
"Macrosphenus pulitzeri","Macrosphenus","pulitzeri","EN","Decreasing"
"Malaconotus gladiator","Malaconotus","gladiator","VU","Decreasing"
"Malaconotus lagdeni","Malaconotus","lagdeni","NT","Decreasing"
"Malimbus cassini","Malimbus","cassini","LC","Stable"
"Malimbus coronatus","Malimbus","coronatus","LC","Decreasing"
"Malimbus nitens","Malimbus","nitens","LC","Stable"
"Malimbus scutatus","Malimbus","scutatus","LC","Stable"
"Mandingoa nitidula","Mandingoa","nitidula","LC","Stable"
"Megabyas flammulatus","Megabyas","flammulatus","LC","Decreasing"
"Melaenornis chocolatinus","Melaenornis","chocolatinus","LC","Decreasing"
"Melaenornis pammelaina","Melaenornis","pammelaina","LC","Stable"
"Melaenornis silens","Melaenornis","silens",NA,NA
"Melaniparus carpi","Melaniparus","carpi","LC","Decreasing"
"Melaniparus cinerascens","Melaniparus","cinerascens","LC","Stable"
"Melaniparus fringillinus","Melaniparus","fringillinus","LC","Stable"
"Melaniparus funereus","Melaniparus","funereus","LC","Decreasing"
"Melaniparus griseiventris","Melaniparus","griseiventris","LC","Stable"
"Melaniparus guineensis","Melaniparus","guineensis","LC","Stable"
"Melaniparus leucomelas","Melaniparus","leucomelas","LC","Stable"
"Melaniparus rufiventris","Melaniparus","rufiventris","LC","Decreasing"
"Melichneutes robustus","Melichneutes","robustus",NA,NA
"Melierax canorus","Melierax","canorus","LC","Stable"
"Melierax metabates","Melierax","metabates","LC","Decreasing"
"Melierax poliopterus","Melierax","poliopterus","LC","Stable"
"Melignomon zenkeri","Melignomon","zenkeri","LC","Decreasing"
"Melocichla mentalis","Melocichla","mentalis","LC","Stable"
"Merops apiaster","Merops","apiaster","LC","Stable"
"Merops boehmi","Merops","boehmi","LC","Stable"
"Merops bullockoides","Merops","bullockoides","LC","Increasing"
"Merops bulocki","Merops","bulocki","LC","Stable"
"Merops hirundineus","Merops","hirundineus","LC","Stable"
"Merops malimbicus","Merops","malimbicus","LC","Decreasing"
"Merops mentalis","Merops","mentalis","NT","Decreasing"
"Merops nubicoides","Merops","nubicoides","LC","Decreasing"
"Merops nubicus","Merops","nubicus","LC","Unknown"
"Merops variegatus","Merops","variegatus","LC","Unknown"
"Micronisus gabar","Micronisus","gabar","LC","Stable"
"Mirafra africana","Mirafra","africana","LC","Decreasing"
"Mirafra albicauda","Mirafra","albicauda","LC","Decreasing"
"Mirafra angolensis","Mirafra","angolensis","LC","Decreasing"
"Mirafra apiata","Mirafra","apiata","LC","Decreasing"
"Mirafra cheniana","Mirafra","cheniana","LC","Decreasing"
"Mirafra fasciolata","Mirafra","fasciolata","LC","Decreasing"
"Mirafra hypermetra","Mirafra","hypermetra","LC","Stable"
"Mirafra passerina","Mirafra","passerina","LC","Decreasing"
"Mirafra pulpa","Mirafra","pulpa","DD","Decreasing"
"Modulatrix stictigula","Modulatrix","stictigula","LC","Decreasing"
"Monias benschi","Monias","benschi","VU","Decreasing"
"Monticola angolensis","Monticola","angolensis","LC","Stable"
"Monticola explorator","Monticola","explorator","NT","Decreasing"
"Monticola imerina","Monticola","imerina","LC","Stable"
"Monticola rupestris","Monticola","rupestris","LC","Stable"
"Monticola sharpei","Monticola","sharpei","LC","Decreasing"
"Monticola solitarius","Monticola","solitarius","LC","Unknown"
"Motacilla clara","Motacilla","clara","LC","Stable"
"Motacilla flava","Motacilla","flava","LC","Decreasing"
"Muscicapa adusta","Muscicapa","adusta","LC","Decreasing"
"Muscicapa aquatica","Muscicapa","aquatica","LC","Stable"
"Muscicapa lendu","Muscicapa","lendu",NA,NA
"Myrmecocichla formicivora","Myrmecocichla","formicivora","LC","Stable"
"Myrmecocichla melaena","Myrmecocichla","melaena","LC","Stable"
"Neafrapus boehmi","Neafrapus","boehmi","LC","Decreasing"
"Neafrapus cassini","Neafrapus","cassini","LC","Decreasing"
"Necrosyrtes monachus","Necrosyrtes","monachus","CR","Decreasing"
"Nectarinia johnstoni","Nectarinia","johnstoni","LC","Stable"
"Nectarinia tacazze","Nectarinia","tacazze","LC","Stable"
"Neocichla gutturalis","Neocichla","gutturalis","LC","Unknown"
"Neocossyphus poensis","Neocossyphus","poensis","LC","Unknown"
"Neocossyphus rufus","Neocossyphus","rufus","LC","Decreasing"
"Neolestes torquatus","Neolestes","torquatus","LC","Stable"
"Neomixis tenella","Neomixis","tenella","LC","Decreasing"
"Neomixis viridis","Neomixis","viridis","NT","Decreasing"
"Neophron percnopterus","Neophron","percnopterus","EN","Decreasing"
"Nesillas lantzii","Nesillas","lantzii","LC","Decreasing"
"Nesillas typica","Nesillas","typica","LC","Decreasing"
"Nesocharis shelleyi","Nesocharis","shelleyi","LC","Stable"
"Netta erythrophthalma","Netta","erythrophthalma","LC","Stable"
"Nettapus auritus","Nettapus","auritus",NA,NA
"Newtonia archboldi","Newtonia","archboldi","LC","Decreasing"
"Newtonia brunneicauda","Newtonia","brunneicauda","LC","Decreasing"
"Newtonia fanovanae","Newtonia","fanovanae","VU","Decreasing"
"Nicator gularis","Nicator","gularis","LC","Stable"
"Nigrita bicolor","Nigrita","bicolor","LC","Stable"
"Nigrita fusconotus","Nigrita","fusconotus","LC","Stable"
"Nigrita luteifrons","Nigrita","luteifrons","LC","Stable"
"Nilaus afer","Nilaus","afer","LC","Decreasing"
"Oena capensis","Oena","capensis","LC","Increasing"
"Oenanthe dubia","Oenanthe","dubia","DD","Unknown"
"Oenanthe melanura","Oenanthe","melanura","LC","Stable"
"Oenanthe pileata","Oenanthe","pileata","LC","Stable"
"Oenanthe scotocerca","Oenanthe","scotocerca","LC","Stable"
"Onychognathus fulgidus","Onychognathus","fulgidus","LC","Decreasing"
"Onychognathus morio","Onychognathus","morio","LC","Increasing"
"Onychognathus tenuirostris","Onychognathus","tenuirostris","LC","Decreasing"
"Onychognathus tristramii","Onychognathus","tristramii","LC","Stable"
"Onychognathus walleri","Onychognathus","walleri","LC","Decreasing"
"Oreolais pulcher","Oreolais","pulcher","LC","Decreasing"
"Oreophilais robertsi","Oreophilais","robertsi","NT","Decreasing"
"Oriolia bernieri","Oriolia","bernieri","EN","Decreasing"
"Oriolus auratus","Oriolus","auratus","LC","Decreasing"
"Oriolus brachyrynchus","Oriolus","brachyrynchus","LC","Stable"
"Oriolus chlorocephalus","Oriolus","chlorocephalus","LC","Decreasing"
"Oriolus crassirostris","Oriolus","crassirostris","VU","Decreasing"
"Ortygospiza atricollis","Ortygospiza","atricollis","LC","Stable"
"Ortyxelos meiffrenii","Ortyxelos","meiffrenii","LC","Unknown"
"Otus hartlaubi","Otus","hartlaubi","VU","Decreasing"
"Otus rutilus","Otus","rutilus","LC","Decreasing"
"Otus senegalensis","Otus","senegalensis","LC","Stable"
"Oxylabes madagascariensis","Oxylabes","madagascariensis","NT","Decreasing"
"Oxyura maccoa","Oxyura","maccoa","EN","Decreasing"
"Parmoptila jamesoni","Parmoptila","jamesoni","LC","Decreasing"
"Parmoptila rubrifrons","Parmoptila","rubrifrons","NT","Decreasing"
"Passer eminibey","Passer","eminibey","LC","Stable"
"Passer gongonensis","Passer","gongonensis","LC","Stable"
"Passer griseus","Passer","griseus","LC","Stable"
"Passer iagoensis","Passer","iagoensis","LC","Stable"
"Passer luteus","Passer","luteus","LC","Stable"
"Passer melanurus","Passer","melanurus","LC","Stable"
"Passer motitensis","Passer","motitensis","LC","Stable"
"Passer rufocinctus","Passer","rufocinctus","LC","Stable"
"Passer suahelicus","Passer","suahelicus","LC","Stable"
"Passer swainsonii","Passer","swainsonii","LC","Stable"
"Peliperdix coqui","Peliperdix","coqui",NA,NA
"Petrochelidon fuliginosa","Petrochelidon","fuliginosa",NA,NA
"Petrochelidon preussi","Petrochelidon","preussi","LC","Increasing"
"Petrochelidon rufigula","Petrochelidon","rufigula","LC","Increasing"
"Petrochelidon spilodera","Petrochelidon","spilodera","LC","Increasing"
"Philepitta castanea","Philepitta","castanea","LC","Decreasing"
"Philepitta schlegeli","Philepitta","schlegeli","VU","Decreasing"
"Philetairus socius","Philetairus","socius","LC","Stable"
"Phoeniculus bollei","Phoeniculus","bollei","LC","Decreasing"
"Phoeniculus damarensis","Phoeniculus","damarensis","LC","Decreasing"
"Phoeniculus purpureus","Phoeniculus","purpureus","LC",NA
"Phoeniculus somaliensis","Phoeniculus","somaliensis","LC","Decreasing"
"Pholia sharpii","Pholia","sharpii","LC","Decreasing"
"Pholidornis rushiae","Pholidornis","rushiae","LC","Stable"
"Phragmacia substriata","Phragmacia","substriata","LC","Increasing"
"Phyllanthus atripennis","Phyllanthus","atripennis","VU","Decreasing"
"Phyllastrephus albigularis","Phyllastrephus","albigularis","LC","Decreasing"
"Phyllastrephus cerviniventris","Phyllastrephus","cerviniventris","LC","Stable"
"Phyllastrephus cinereiceps","Phyllastrephus","cinereiceps",NA,NA
"Phyllastrephus flavostriatus","Phyllastrephus","flavostriatus","LC","Decreasing"
"Phyllastrephus madagascariensis","Phyllastrephus","madagascariensis",NA,NA
"Phyllastrephus strepitans","Phyllastrephus","strepitans","LC","Decreasing"
"Phyllastrephus terrestris","Phyllastrephus","terrestris","LC","Decreasing"
"Phyllastrephus xavieri","Phyllastrephus","xavieri","LC","Stable"
"Phyllastrephus zosterops","Phyllastrephus","zosterops",NA,NA
"Phyllolais pulchella","Phyllolais","pulchella","LC","Stable"
"Phylloscopus budongoensis","Phylloscopus","budongoensis","LC","Decreasing"
"Phylloscopus herberti","Phylloscopus","herberti","LC","Decreasing"
"Phylloscopus ruficapilla","Phylloscopus","ruficapilla","LC","Decreasing"
"Pitta reichenowi","Pitta","reichenowi","LC","Decreasing"
"Platysteira laticincta","Platysteira","laticincta","VU","Decreasing"
"Plocepasser donaldsoni","Plocepasser","donaldsoni","LC","Stable"
"Plocepasser rufoscapulatus","Plocepasser","rufoscapulatus","LC","Stable"
"Ploceus albinucha","Ploceus","albinucha","LC","Stable"
"Ploceus alienus","Ploceus","alienus","LC","Decreasing"
"Ploceus bannermani","Ploceus","bannermani","VU","Decreasing"
"Ploceus batesi","Ploceus","batesi","EN","Decreasing"
"Ploceus bicolor","Ploceus","bicolor","LC","Stable"
"Ploceus capensis","Ploceus","capensis","LC","Stable"
"Ploceus castaneiceps","Ploceus","castaneiceps","LC","Stable"
"Ploceus castanops","Ploceus","castanops","LC","Stable"
"Ploceus cucullatus","Ploceus","cucullatus","LC","Stable"
"Ploceus galbula","Ploceus","galbula","LC","Stable"
"Ploceus heuglini","Ploceus","heuglini","LC","Stable"
"Ploceus intermedius","Ploceus","intermedius","LC","Stable"
"Ploceus jacksoni","Ploceus","jacksoni","LC","Stable"
"Ploceus melanocephalus","Ploceus","melanocephalus","LC","Stable"
"Ploceus melanogaster","Ploceus","melanogaster","LC","Decreasing"
"Ploceus nigerrimus","Ploceus","nigerrimus","LC","Stable"
"Ploceus nigricollis","Ploceus","nigricollis","LC","Stable"
"Ploceus rubiginosus","Ploceus","rubiginosus","LC","Stable"
"Ploceus ruweti","Ploceus","ruweti","LC","Stable"
"Ploceus sakalava","Ploceus","sakalava","LC","Stable"
"Ploceus spekei","Ploceus","spekei","LC","Stable"
"Ploceus spekeoides","Ploceus","spekeoides","NT","Decreasing"
"Ploceus subaureus","Ploceus","subaureus","LC","Stable"
"Ploceus subpersonatus","Ploceus","subpersonatus","VU","Decreasing"
"Ploceus superciliosus","Ploceus","superciliosus","LC","Stable"
"Ploceus vitellinus","Ploceus","vitellinus","LC","Stable"
"Ploceus weynsi","Ploceus","weynsi","LC","Decreasing"
"Ploceus xanthopterus","Ploceus","xanthopterus","LC","Decreasing"
"Poeoptera femoralis","Poeoptera","femoralis",NA,NA
"Poeoptera kenricki","Poeoptera","kenricki","LC","Decreasing"
"Poeoptera lugubris","Poeoptera","lugubris","LC","Decreasing"
"Poeoptera stuhlmanni","Poeoptera","stuhlmanni","LC","Decreasing"
"Pogoniulus leucomystax","Pogoniulus","leucomystax","LC",NA
"Pogoniulus scolopaceus","Pogoniulus","scolopaceus","LC","Decreasing"
"Pogoniulus subsulphureus","Pogoniulus","subsulphureus","LC","Decreasing"
"Poicephalus cryptoxanthus","Poicephalus","cryptoxanthus","LC","Decreasing"
"Poicephalus flavifrons","Poicephalus","flavifrons","LC","Decreasing"
"Poicephalus robustus","Poicephalus","robustus","VU","Stable"
"Poicephalus rueppellii","Poicephalus","rueppellii","LC","Decreasing"
"Polihierax semitorquatus","Polihierax","semitorquatus","LC","Stable"
"Poliolais lopezi","Poliolais","lopezi","LC","Decreasing"
"Polyboroides radiatus","Polyboroides","radiatus","LC","Decreasing"
"Polyboroides typus","Polyboroides","typus","LC","Decreasing"
"Prinia bairdii","Prinia","bairdii","LC","Decreasing"
"Prinia erythroptera","Prinia","erythroptera","LC","Stable"
"Prinia flavicans","Prinia","flavicans","LC","Stable"
"Prinia hypoxantha","Prinia","hypoxantha","LC","Decreasing"
"Prinia leontica","Prinia","leontica",NA,NA
"Prinia maculosa","Prinia","maculosa","LC","Decreasing"
"Prinia molleri","Prinia","molleri","LC","Increasing"
"Prinia somalica","Prinia","somalica","LC","Stable"
"Prinia subflava","Prinia","subflava","LC","Stable"
"Prionops alberti","Prionops","alberti","VU","Decreasing"
"Prionops plumatus","Prionops","plumatus","LC","Stable"
"Prionops poliolophus","Prionops","poliolophus","LC","Decreasing"
"Prionops retzii","Prionops","retzii","LC","Decreasing"
"Prodotiscus regulus","Prodotiscus","regulus","LC","Increasing"
"Prodotiscus zambesiae","Prodotiscus","zambesiae","LC","Stable"
"Promerops cafer","Promerops","cafer","LC","Stable"
"Promerops gurneyi","Promerops","gurneyi","NT","Decreasing"
"Psalidoprocne fuliginosa","Psalidoprocne","fuliginosa","LC","Stable"
"Psalidoprocne obscura","Psalidoprocne","obscura","LC","Stable"
"Psalidoprocne pristoptera","Psalidoprocne","pristoptera","LC","Decreasing"
"Pseudhirundo griseopyga","Pseudhirundo","griseopyga","LC","Stable"
"Pseudobias wardi","Pseudobias","wardi","NT","Decreasing"
"Pseudocalyptomena graueri","Pseudocalyptomena","graueri","VU","Decreasing"
"Pseudonigrita arnaudi","Pseudonigrita","arnaudi","LC","Stable"
"Pseudonigrita cabanisi","Pseudonigrita","cabanisi","LC","Stable"
"Psittacula krameri","Psittacula","krameri",NA,NA
"Psophocichla litsitsirupa","Psophocichla","litsitsirupa","LC","Unknown"
"Pternistis adspersus","Pternistis","adspersus","LC","Stable"
"Pternistis capensis","Pternistis","capensis","LC","Stable"
"Pternistis clappertoni","Pternistis","clappertoni","LC","Decreasing"
"Pternistis griseostriatus","Pternistis","griseostriatus","LC","Decreasing"
"Pternistis hartlaubi","Pternistis","hartlaubi","LC","Stable"
"Pternistis harwoodi","Pternistis","harwoodi","NT","Decreasing"
"Pternistis hildebrandti","Pternistis","hildebrandti","LC","Stable"
"Pternistis jacksoni","Pternistis","jacksoni","LC","Decreasing"
"Pternistis leucoscepus","Pternistis","leucoscepus","LC","Decreasing"
"Pternistis natalensis","Pternistis","natalensis","LC","Stable"
"Pternistis rufopictus","Pternistis","rufopictus","LC","Decreasing"
"Pterocles bicinctus","Pterocles","bicinctus","LC","Decreasing"
"Pterocles burchelli","Pterocles","burchelli","LC","Stable"
"Pterocles decoratus","Pterocles","decoratus","LC","Stable"
"Pterocles exustus","Pterocles","exustus","LC","Stable"
"Pterocles lichtensteinii","Pterocles","lichtensteinii","LC","Stable"
"Pterocles quadricinctus","Pterocles","quadricinctus","LC","Stable"
"Pterocles senegallus","Pterocles","senegallus","LC","Stable"
"Pteronetta hartlaubii","Pteronetta","hartlaubii","LC","Decreasing"
"Ptilopachus petrosus","Ptilopachus","petrosus","LC","Stable"
"Pycnonotus barbatus","Pycnonotus","barbatus","LC",NA
"Pycnonotus capensis","Pycnonotus","capensis",NA,NA
"Pycnonotus nigricans","Pycnonotus","nigricans","LC","Increasing"
"Pyrenestes ostrinus","Pyrenestes","ostrinus","LC","Stable"
"Pyrenestes sanguineus","Pyrenestes","sanguineus","LC","Stable"
"Pytilia hypogrammica","Pytilia","hypogrammica","LC","Stable"
"Pytilia lineata","Pytilia","lineata","LC","Stable"
"Pytilia melba","Pytilia","melba","LC","Stable"
"Quelea cardinalis","Quelea","cardinalis","LC","Stable"
"Rallus caerulescens","Rallus","caerulescens","LC","Unknown"
"Rallus madagascariensis","Rallus","madagascariensis","VU","Decreasing"
"Randia pseudozosterops","Randia","pseudozosterops","NT","Decreasing"
"Rhaphidura sabini","Rhaphidura","sabini","LC","Decreasing"
"Rhinopomastus aterrimus","Rhinopomastus","aterrimus","LC","Decreasing"
"Rhinoptilus cinctus","Rhinoptilus","cinctus","LC","Unknown"
"Rhodophoneus cruentus","Rhodophoneus","cruentus","LC","Stable"
"Riparia paludicola","Riparia","paludicola","LC","Decreasing"
"Rougetius rougetii","Rougetius","rougetii","NT","Decreasing"
"Salpornis salvadori","Salpornis","salvadori","LC","Decreasing"
"Sarkidiornis melanotos","Sarkidiornis","melanotos","LC","Decreasing"
"Sarothrura affinis","Sarothrura","affinis","LC","Decreasing"
"Sarothrura pulchra","Sarothrura","pulchra","LC","Decreasing"
"Sarothrura rufa","Sarothrura","rufa","LC","Decreasing"
"Saxicola torquatus","Saxicola","torquatus","LC","Stable"
"Scepomycter winifredae","Scepomycter","winifredae","NT","Decreasing"
"Schetba rufa","Schetba","rufa","NT","Decreasing"
"Schistolais leucopogon","Schistolais","leucopogon","LC","Decreasing"
"Scleroptila afra","Scleroptila","afra","LC","Stable"
"Scleroptila finschi","Scleroptila","finschi","LC","Decreasing"
"Scleroptila gutturalis","Scleroptila","gutturalis","LC","Stable"
"Scleroptila levaillantii","Scleroptila","levaillantii","LC","Stable"
"Scleroptila shelleyi","Scleroptila","shelleyi","LC","Decreasing"
"Scopus umbretta","Scopus","umbretta","LC","Unknown"
"Scotopelia bouvieri","Scotopelia","bouvieri","LC","Decreasing"
"Scotopelia ussheri","Scotopelia","ussheri","VU","Decreasing"
"Serinus leucopterus","Serinus","leucopterus",NA,NA
"Serinus nigriceps","Serinus","nigriceps","LC","Stable"
"Sheppardia cyornithopsis","Sheppardia","cyornithopsis","LC","Decreasing"
"Sheppardia montana","Sheppardia","montana","EN","Decreasing"
"Smithornis sharpei","Smithornis","sharpei","LC","Decreasing"
"Smutsornis africanus","Smutsornis","africanus","LC","Stable"
"Speculipastor bicolor","Speculipastor","bicolor","LC","Unknown"
"Spermestes fringilloides","Spermestes","fringilloides","LC","Stable"
"Spermophaga poliogenys","Spermophaga","poliogenys","LC","Stable"
"Spermophaga ruficapilla","Spermophaga","ruficapilla","LC","Decreasing"
"Spilopelia senegalensis","Spilopelia","senegalensis","LC","Stable"
"Spizocorys fremantlii","Spizocorys","fremantlii","LC","Stable"
"Spizocorys fringillaris","Spizocorys","fringillaris","EN","Decreasing"
"Spizocorys sclateri","Spizocorys","sclateri","NT","Unknown"
"Spizocorys starki","Spizocorys","starki","LC","Stable"
"Sporopipes frontalis","Sporopipes","frontalis","LC","Stable"
"Sporopipes squamifrons","Sporopipes","squamifrons","LC","Stable"
"Stactolaema anchietae","Stactolaema","anchietae","LC","Stable"
"Stactolaema leucotis","Stactolaema","leucotis","LC","Decreasing"
"Stactolaema whytii","Stactolaema","whytii","LC","Decreasing"
"Stenostira scita","Stenostira","scita","LC","Stable"
"Stephanoaetus coronatus","Stephanoaetus","coronatus","NT","Decreasing"
"Streptopelia decipiens","Streptopelia","decipiens","LC","Stable"
"Streptopelia hypopyrrha","Streptopelia","hypopyrrha","LC","Stable"
"Streptopelia lugens","Streptopelia","lugens","LC","Decreasing"
"Streptopelia roseogrisea","Streptopelia","roseogrisea","LC","Stable"
"Streptopelia semitorquata","Streptopelia","semitorquata","LC","Decreasing"
"Streptopelia vinacea","Streptopelia","vinacea","LC","Stable"
"Struthio camelus","Struthio","camelus","LC","Decreasing"
"Struthio molybdophanes","Struthio","molybdophanes","VU","Decreasing"
"Swynnertonia swynnertoni","Swynnertonia","swynnertoni","NT","Decreasing"
"Sylvia abyssinica","Sylvia","abyssinica","LC","Decreasing"
"Sylvia boehmi","Sylvia","boehmi",NA,NA
"Sylvia buryi","Sylvia","buryi",NA,NA
"Sylvia dohrni","Sylvia","dohrni","LC","Stable"
"Sylvietta denti","Sylvietta","denti","LC","Stable"
"Sylvietta leucophrys","Sylvietta","leucophrys","LC","Decreasing"
"Sylvietta rufescens","Sylvietta","rufescens","LC","Stable"
"Sylvietta ruficapilla","Sylvietta","ruficapilla","LC","Stable"
"Synoicus adansonii","Synoicus","adansonii","LC","Stable"
"Tachymarptis melba","Tachymarptis","melba","LC","Unknown"
"Tauraco hartlaubi","Tauraco","hartlaubi","LC","Decreasing"
"Tauraco leucotis","Tauraco","leucotis","LC","Decreasing"
"Tauraco macrorhynchus","Tauraco","macrorhynchus","LC","Decreasing"
"Tauraco ruspolii","Tauraco","ruspolii","NT","Decreasing"
"Tchagra tchagra","Tchagra","tchagra","LC","Increasing"
"Telophorus viridis","Telophorus","viridis","LC","Stable"
"Telophorus zeylonus","Telophorus","zeylonus","LC","Stable"
"Terathopius ecaudatus","Terathopius","ecaudatus","EN","Decreasing"
"Terpsiphone batesi","Terpsiphone","batesi","LC","Decreasing"
"Terpsiphone rufiventer","Terpsiphone","rufiventer","LC","Decreasing"
"Thalassornis leuconotus","Thalassornis","leuconotus","LC","Decreasing"
"Tockus deckeni","Tockus","deckeni","LC","Decreasing"
"Tockus jacksoni","Tockus","jacksoni","LC","Decreasing"
"Tockus leucomelas","Tockus","leucomelas","LC","Decreasing"
"Tockus monteiri","Tockus","monteiri","LC","Stable"
"Trachyphonus darnaudii","Trachyphonus","darnaudii","LC","Stable"
"Trachyphonus vaillantii","Trachyphonus","vaillantii","LC","Decreasing"
"Treron australis","Treron","australis","LC","Decreasing"
"Treron waalia","Treron","waalia","LC","Decreasing"
"Tricholaema diademata","Tricholaema","diademata","LC","Stable"
"Tricholaema frontata","Tricholaema","frontata","LC","Decreasing"
"Tricholaema hirsuta","Tricholaema","hirsuta","LC","Decreasing"
"Tricholaema lacrymosa","Tricholaema","lacrymosa","LC","Stable"
"Tricholaema leucomelas","Tricholaema","leucomelas","LC","Increasing"
"Turdoides hindei","Turdoides","hindei","NT","Decreasing"
"Turdoides leucocephala","Turdoides","leucocephala","LC","Stable"
"Turdus abyssinicus","Turdus","abyssinicus","LC","Unknown"
"Turdus helleri","Turdus","helleri","EN","Decreasing"
"Turdus menachensis","Turdus","menachensis","NT","Decreasing"
"Turdus pelios","Turdus","pelios","LC","Unknown"
"Turdus roehli","Turdus","roehli","NT","Decreasing"
"Turdus tephronotus","Turdus","tephronotus","LC","Unknown"
"Turnix nanus","Turnix","nanus","LC","Decreasing"
"Turnix sylvaticus","Turnix","sylvaticus","LC","Unknown"
"Turtur abyssinicus","Turtur","abyssinicus","LC","Decreasing"
"Turtur brehmeri","Turtur","brehmeri",NA,NA
"Turtur chalcospilos","Turtur","chalcospilos","LC","Decreasing"
"Tylas eduardi","Tylas","eduardi","NT","Decreasing"
"Tyto alba","Tyto","alba","LC","Unknown"
"Tyto soumagnei","Tyto","soumagnei","VU","Decreasing"
"Upupa epops","Upupa","epops","LC","Decreasing"
"Uraeginthus angolensis","Uraeginthus","angolensis","LC","Stable"
"Uraeginthus bengalus","Uraeginthus","bengalus","LC","Stable"
"Uraeginthus cyanocephalus","Uraeginthus","cyanocephalus","LC","Stable"
"Urocolius indicus","Urocolius","indicus","LC","Unknown"
"Urotriorchis macrourus","Urotriorchis","macrourus","LC","Decreasing"
"Vanellus coronatus","Vanellus","coronatus","LC","Decreasing"
"Vanellus melanocephalus","Vanellus","melanocephalus","LC","Unknown"
"Veles binotatus","Veles","binotatus","LC","Decreasing"
"Vidua chalybeata","Vidua","chalybeata","LC","Stable"
"Vidua codringtoni","Vidua","codringtoni","LC","Stable"
"Vidua fischeri","Vidua","fischeri","LC","Stable"
"Vidua larvaticola","Vidua","larvaticola","LC","Stable"
"Vidua obtusa","Vidua","obtusa","LC","Stable"
"Vidua orientalis","Vidua","orientalis","LC","Stable"
"Vidua paradisaea","Vidua","paradisaea","LC","Stable"
"Vidua purpurascens","Vidua","purpurascens","LC","Stable"
"Vidua regia","Vidua","regia","LC","Stable"
"Xanthomixis apperti","Xanthomixis","apperti","VU","Decreasing"
"Xanthomixis zosterops","Xanthomixis","zosterops","NT","Decreasing"
"Xenopirostris damii","Xenopirostris","damii","VU","Decreasing"
"Zavattariornis stresemanni","Zavattariornis","stresemanni","EN","Decreasing"
"Zoonavena grandidieri","Zoonavena","grandidieri","LC","Decreasing"
"Zoonavena thomensis","Zoonavena","thomensis","LC","Stable"
"Zoothera oberlaenderi","Zoothera","oberlaenderi",NA,NA
"Zosterops abyssinicus","Zosterops","abyssinicus","LC","Decreasing"
"Zosterops lugubris","Zosterops","lugubris","LC","Unknown"
"Zosterops pallidus","Zosterops","pallidus","LC","Stable"
"Zosterops senegalensis","Zosterops","senegalensis","LC","Stable"
"Zosterops vaughani","Zosterops","vaughani","LC","Stable"
"Zosterops virens","Zosterops","virens","LC","Decreasing"
