BINOMIAL,AOH_name,is.migratory,excluded
Acrocephalus aequinoctialis,Acrocephalus_aequinoctialis,no,NULL_Range
Acrocephalus longirostris,Acrocephalus_longirostris,no,NULL_Range
Acrocephalus taiti,Acrocephalus_taiti,no,NULL_Range
Cichlocolaptes mazarbarnetti,Cichlocolaptes_mazarbarnetti,na,EX
Cyanopsitta spixii,Cyanopsitta_spixii,na,EX
Dromas ardeola,Dromas_ardeola,na,habitat_marin
Larus glaucoides,Larus_glaucoides,na,habitat_marin
Melamprosops phaeosoma,Melamprosops_phaeosoma,na,EX
Onychoprion anaethetus,Onychoprion_anaethetus,na,habitat_marin
Pelecanoides whenuahouensis,Pelecanoides_whenuahouensis,na,habitat_marin
Philydor novaesi,Philydor_novaesi,na,EX
Phoebastria nigripes,Phoebastria_nigripes,na,habitat_marin
Pomarea whitneyi,Pomarea_whitneyi,no,NULL_Range
Puffinus persicus,Puffinus_persicus,na,habitat_marin
Rissa tridactyla,Rissa_tridactyla,na,habitat_marin
Sterna repressa,Sterna_repressa,na,habitat_marin
Sterna striata,Sterna_striata,na,habitat_marin
Sternula saundersi,Sternula_saundersi,na,habitat_marin
Thalasseus sandvicensis,Thalasseus_sandvicensis,na,habitat_marin
Todiramphus godeffroyi,Todiramphus_godeffroyi,no,NULL_Range
Todiramphus tutus,Todiramphus_tutus,no,NULL_Range
Zosterops modestus,Zosterops_modestus,no,NULL_Range
Hypotaenidia owstoni,Hypotaenidia_owstoni,na,EX
Urile perspicillatus,Urile_perspicillatus,na,EX
Charadrius peronii,Charadrius_peronii,na,habitat_marin
Charadrius sanctaehelenae,Charadrius_sanctaehelenae,no,NULL_Range
Charadrius wilsonia,Charadrius_wilsonia,na,habitat_marin
Chenonetta finschi,Chenonetta_finschi,na,EX
Chloephaga hybrida,Chloephaga_hybrida,na,habitat_marin
Chlorostilbon elegans,Chlorostilbon_elegans,na,EX
Coccyzus ferrugineus,Coccyzus_ferrugineus,no,NULL_Range
Coenocorypha barrierensis,Coenocorypha_barrierensis,na,EX
Coenocorypha huegeli,Coenocorypha_huegeli,no,NULL_Range
Coenocorypha iredalei,Coenocorypha_iredalei,na,EX
Colaptes oceanicus,Colaptes_oceanicus,na,EX
Columba versicolor,Columba_versicolor,na,EX
Collocalia esculenta,Collocalia_esculenta,no,NULL_AOH
Columba jouyi,Columba_jouyi,na,EX
Columba thiriouxi,Columba_thiriouxi,na,EX
Conuropsis carolinensis,Conuropsis_carolinensis,na,EX
Coracopsis barklyi,Coracopsis_barklyi,no,NULL_Range
Coturnicops noveboracensis,Coturnicops_noveboracensis,na,NULL_AOH
Coturnix novaezelandiae,Coturnix_novaezelandiae,na,EX
Coua delalandei,Coua_delalandei,na,EX
Creagrus furcatus,Creagrus_furcatus,na,habitat_marin
Daption capense,Daption_capense,na,habitat_marin
Cyanoramphus ulietanus,Cyanoramphus_ulietanus,na,EX
Cyanoramphus zealandicus,Cyanoramphus_zealandicus,na,EX
Didunculus strigirostris,Didunculus_strigirostris,no,NULL_Range
Dromaius baudinianus,Dromaius_baudinianus,na,EX
Dromaius minor,Dromaius_minor,na,EX
Dryolimnas augusti,Dryolimnas_augusti,na,EX
Ducula aurorae,Ducula_aurorae,no,NULL_Range
Ducula galeata,Ducula_galeata,no,NULL_Range
Ducula whartoni,Ducula_whartoni,no,NULL_Range
Ectopistes migratorius,Ectopistes_migratorius,na,EX
Erythromachus leguati,Erythromachus_leguati,na,EX
Esacus magnirostris,Esacus_magnirostris,na,habitat_marin
Falco araeus,Falco_araeus,na,NULL_Range
Eudyptula minor,Eudyptula_minor,na,habitat_marin
Eudyptes schlegeli,Eudyptes_schlegeli,na,NULL_Range
Falco duboisi,Falco_duboisi,na,EX
Fregetta grallaria,Fregetta_grallaria,na,habitat_marin
Fregetta tropica,Fregetta_tropica,na,habitat_marin
Fulica newtonii,Fulica_newtonii,na,EX
Thalassarche eremita,Thalassarche_eremita,na,habitat_marin
Gallinula comeri,Gallinula_comeri,no,NULL_Range
Gallinula nesiotis,Gallinula_nesiotis,na,EX
Gygis alba,Gygis_alba,na,habitat_marin
Gygis microrhyncha,Gygis_microrhyncha,na,NULL_Range
Haematopus ater,Haematopus_ater,na,habitat_marin
Haematopus chathamensis,Haematopus_chathamensis,na,habitat_marin
Haematopus fuliginosus,Haematopus_fuliginosus,na,habitat_marin
Haematopus longirostris,Haematopus_longirostris,na,habitat_marin
Haematopus meadewaldoi,Haematopus_meadewaldoi,na,EX
Haematopus moquini,Haematopus_moquini,na,habitat_marin
Hydrobates macrodactylus,Hydrobates_macrodactylus,na,EX
Hydrobates matsudairae,Hydrobates_matsudairae,na,habitat_marin
Hydrobates melania,Hydrobates_melania,na,habitat_marin
Hydrobates monorhis,Hydrobates_monorhis,na,habitat_marin
Hydrobates pelagicus,Hydrobates_pelagicus,na,habitat_marin
Hydrobates tethys,Hydrobates_tethys,na,habitat_marin
Hypotaenidia dieffenbachii,Hypotaenidia_dieffenbachii,na,EX
Hypotaenidia pacifica,Hypotaenidia_pacifica,na,EX
Hypotaenidia poeciloptera,Hypotaenidia_poeciloptera,na,EX
Hypotaenidia wakensis,Hypotaenidia_wakensis,na,EX
Acrocephalus rodericanus,Acrocephalus_rodericanus,no,NULL_Range
Acrocephalus sechellensis,Acrocephalus_sechellensis,no,NULL_Range
Acrocephalus syrinx,Acrocephalus_syrinx,no,NULL_Range
Anthornis melanocephala,Anthornis_melanocephala,na,EX
Aplonis fusca,Aplonis_fusca,na,EX
Aphrastura masafucrae,Aphrastura_masafucrae,no,NULL_AOH
Aplonis corvina,Aplonis_corvina,na,EX
Aplonis pelzelni,Aplonis_pelzelni,no,NULL_Range
Aplonis mavornata,Aplonis_mavornata,na,EX
Atlapetes pallidiceps,Atlapetes_pallidiceps,no,NULL_AOH
Poodytes rufescens,Poodytes_rufescens,na,EX
Cinclodes taczanowskii,Cinclodes_taczanowskii,na,habitat_marin
Chaetoptila angustipluma,Chaetoptila_angustipluma,na,EX
Carpodacus ferreorostris,Carpodacus_ferreorostris,na,EX
Cleptornis marchei,Cleptornis_marchei,no,NULL_Range
Mascarenotus murivorus,Mascarenotus_murivorus,na,EX
Foudia flavicans,Foudia_flavicans,no,NULL_Range
Fregilupus varius,Fregilupus_varius,na,EX
Otus insularis,Otus_insularis,no,NULL_Range
Gymnomyza samoensis,Gymnomyza_samoensis,no,NULL_Range
Hemignathus lucidus,Hemignathus_lucidus,na,EX
Viridonia sagittirostris,Viridonia_sagittirostris,na,EX
Petrochelidon perdita,Petrochelidon_perdita,no,NULL_Range
Larosterna inca,Larosterna_inca,na,habitat_marin
Larus atricilla,Larus_atricilla,na,habitat_marin
Larus atlanticus,Larus_atlanticus,na,habitat_marin
Larus belcheri,Larus_belcheri,na,habitat_marin
Larus crassirostris,Larus_crassirostris,na,habitat_marin
Larus fuliginosus,Larus_fuliginosus,na,habitat_marin
Larus heermanni,Larus_heermanni,na,habitat_marin
Larus livens,Larus_livens,na,habitat_marin
Larus marinus,Larus_marinus,na,habitat_marin
Larus modestus,Larus_modestus,na,habitat_marin
Larus occidentalis,Larus_occidentalis,na,habitat_marin
Lewinia muelleri,Lewinia_muelleri,no,NULL_Range
Oceanites pincoyae,Oceanites_pincoyae,na,habitat_marin
Lophopsittacus bensoni,Lophopsittacus_bensoni,na,EX
Lophopsittacus mauritianus,Lophopsittacus_mauritianus,na,EX
Metabolus godeffroyi,Metabolus_godeffroyi,no,NULL_Range
Metabolus takatsukasae,Metabolus_takatsukasae,no,NULL_Range
Cinnyris dussumieri,Cinnyris_dussumieri,no,NULL_Range
Turdus eremita,Turdus_eremita,no,NULL_Range
Vermivora bachmanii,Vermivora_bachmanii,na,EX
Mascarenotus grucheti,Mascarenotus_grucheti,na,EX
Mascarenotus sauzieri,Mascarenotus_sauzieri,na,EX
Mascarinus mascarin,Mascarinus_mascarin,na,EX
Microgoura meeki,Microgoura_meeki,na,EX
Mergus australis,Mergus_australis,na,EX
Mitu mitu,Mitu_mitu,na,EX
Nycticorax megacephalus,Nycticorax_megacephalus,na,EX
Microcarbo coronatus,Microcarbo_coronatus,na,habitat_marin
Morus serrator,Morus_serrator,na,habitat_marin
Morus capensis,Morus_capensis,na,habitat_marin
Mundia elpenor,Mundia_elpenor,na,EX
Phalacrocorax capensis,Phalacrocorax_capensis,na,habitat_marin
Phalacrocorax capillatus,Phalacrocorax_capillatus,na,habitat_marin
Nannococcyx psix,Nannococcyx_psix,na,EX
Necropsittacus rodricanus,Necropsittacus_rodricanus,na,EX
Nesoenas cicur,Nesoenas_cicur,na,EX
Nesoenas rodericanus,Nesoenas_rodericanus,na,EX
Nesofregetta fuliginosa,Nesofregetta_fuliginosa,na,habitat_marin
Nestor productus,Nestor_productus,na,EX
Ninox natalis,Ninox_natalis,no,NULL_Range
Porphyrio albus,Porphyrio_albus,na,EX
Numenius borealis,Numenius_borealis,na,EX
Nyctanassa carcinocatactes,Nyctanassa_carcinocatactes,na,EX
Nycticorax duboisi,Nycticorax_duboisi,na,EX
Nycticorax mauritianus,Nycticorax_mauritianus,na,EX
Pareudiastes pacificus,Pareudiastes_pacificus,no,NULL_Range
Pelecanoides magellani,Pelecanoides_magellani,na,habitat_marin
Papasula abbotti,Papasula_abbotti,na,NULL_Range
Pagodroma nivea,Pagodroma_nivea,na,habitat_marin
Porphyrio caerulescens,Porphyrio_caerulescens,na,EX
Petroica dannefaerdi,Petroica_dannefaerdi,no,NULL_Range
Pezophaps solitaria,Pezophaps_solitaria,na,EX
Pelagodroma marina,Pelagodroma_marina,na,habitat_marin
Pelecanoides garnotii,Pelecanoides_garnotii,na,habitat_marin
Pelecanus occidentalis,Pelecanus_occidentalis,na,habitat_marin
Pelecanus thagus,Pelecanus_thagus,na,habitat_marin
Leucocarbo bougainvilliorum,Leucocarbo_bougainvilliorum,na,habitat_marin
Leucocarbo colensoi,Leucocarbo_colensoi,na,NULL_Range
Phalacrocorax featherstoni,Phalacrocorax_featherstoni,na,habitat_marin
Phalacrocorax fuscescens,Phalacrocorax_fuscescens,na,habitat_marin
Leucocarbo campbelli,Leucocarbo_campbelli,na,habitat_marin
Leucocarbo carunculatus,Leucocarbo_carunculatus,na,habitat_marin
Leucocarbo chalconotus,Leucocarbo_chalconotus,na,habitat_marin
Phalacrocorax neglectus,Phalacrocorax_neglectus,na,habitat_marin
Leucocarbo onslowi,Leucocarbo_onslowi,na,habitat_marin
Leucocarbo ranfurlyi,Leucocarbo_ranfurlyi,na,habitat_marin
Urile urile,Urile_urile,na,habitat_marin
Leucocarbo verrucosus,Leucocarbo_verrucosus,na,habitat_marin
Pinguinus impennis,Pinguinus_impennis,na,EX
Podiceps andinus,Podiceps_andinus,na,EX
Platalea minor,Platalea_minor,na,habitat_marin
Porphyrio paepae,Porphyrio_paepae,na,EX
Podilymbus gigas,Podilymbus_gigas,na,EX
Prosobonia ellisi,Prosobonia_ellisi,na,EX
Anous albivittus,Anous_albivittus,na,habitat_marin
Anous ceruleus,Anous_ceruleus,na,habitat_marin
Prosobonia cancellata,Prosobonia_cancellata,na,EX
Prosobonia leucoptera,Prosobonia_leucoptera,na,EX
Psephotellus pulcherrimus,Psephotellus_pulcherrimus,na,EX
Psittacara labati,Psittacara_labati,na,EX
Psittacula exsul,Psittacula_exsul,na,EX
Psittacula wardi,Psittacula_wardi,na,EX
Pterodroma gouldi,Pterodroma_gouldi,na,habitat_marin
Pterodroma neglecta,Pterodroma_neglecta,na,habitat_marin
Pterodroma defilippiana,Pterodroma_defilippiana,na,habitat_marin
Pterodroma hypoleuca,Pterodroma_hypoleuca,na,habitat_marin
Pterodroma macroptera,Pterodroma_macroptera,na,habitat_marin
Pterodroma rupinarum,Pterodroma_rupinarum,na,EX
Ptilinopus chalcurus,Ptilinopus_chalcurus,no,NULL_Range
Ptilinopus chrysogaster,Ptilinopus_chrysogaster,no,NULL_Range
Ptilinopus dupetithouarsii,Ptilinopus_dupetithouarsii,no,NULL_Range
Ptilinopus fasciatus,Ptilinopus_fasciatus,no,NULL_Range
Ptilinopus hernsheimi,Ptilinopus_hernsheimi,no,NULL_Range
Ptilinopus insularis,Ptilinopus_insularis,no,NULL_Range
Ptilinopus huttoni,Ptilinopus_huttoni,no,NULL_Range
Ptilinopus mercierii,Ptilinopus_mercierii,na,EX
Ptilinopus ponapensis,Ptilinopus_ponapensis,no,NULL_Range
Ptilinopus purpuratus,Ptilinopus_purpuratus,no,NULL_Range
Ptilinopus rarotongensis,Ptilinopus_rarotongensis,no,NULL_Range
Ptilinopus roseicapilla,Ptilinopus_roseicapilla,no,NULL_Range
Puffinus bailloni,Puffinus_bailloni,na,habitat_marin
Ptychoramphus aleuticus,Ptychoramphus_aleuticus,na,habitat_marin
Puffinus bannermani,Puffinus_bannermani,na,habitat_marin
Puffinus subalaris,Puffinus_subalaris,na,habitat_marin
Puffinus bryani,Puffinus_bryani,na,habitat_marin
Puffinus gavia,Puffinus_gavia,na,habitat_marin
Raphus cucullatus,Raphus_cucullatus,na,EX
Rhyticeros narcondami,Rhyticeros_narcondami,no,NULL_Range
Rissa brevirostris,Rissa_brevirostris,na,habitat_marin
Saundersilarus saundersi,Saundersilarus_saundersi,na,habitat_marin
Somateria mollissima,Somateria_mollissima,na,habitat_marin
Spheniscus mendiculus,Spheniscus_mendiculus,na,habitat_marin
Sterna sumatrana,Sterna_sumatrana,na,habitat_marin
Sterna hirundinacea,Sterna_hirundinacea,na,habitat_marin
Sterna virgata,Sterna_virgata,na,NULL_Range
Synthliboramphus hypoleucus,Synthliboramphus_hypoleucus,na,habitat_marin
Sternula nereis,Sternula_nereis,na,habitat_marin
Sternula antillarum,Sternula_antillarum,na,habitat_marin
Sula nebouxii,Sula_nebouxii,na,habitat_marin
Synthliboramphus scrippsi,Synthliboramphus_scrippsi,na,habitat_marin
Synthliboramphus wumizusume,Synthliboramphus_wumizusume,na,habitat_marin
Tachybaptus rufolavatus,Tachybaptus_rufolavatus,na,EX
Tachyeres brachypterus,Tachyeres_brachypterus,na,habitat_marin
Tachyeres leucocephalus,Tachyeres_leucocephalus,na,habitat_marin
Tachyeres pteneres,Tachyeres_pteneres,na,habitat_marin
Thalasseus bengalensis,Thalasseus_bengalensis,na,habitat_marin
Thalasseus elegans,Thalasseus_elegans,na,habitat_marin
Poodytes caudatus,Poodytes_caudatus,no,NULL_Range
Threskiornis solitarius,Threskiornis_solitarius,na,EX
Todiramphus cinnamominus,Todiramphus_cinnamominus,na,EX
Todiramphus recurvirostris,Todiramphus_recurvirostris,no,NULL_Range
Todiramphus ruficollaris,Todiramphus_ruficollaris,no,NULL_Range
Todiramphus veneratus,Todiramphus_veneratus,no,NULL_Range
Todiramphus youngi,Todiramphus_youngi,no,NULL_Range
Tribonyx hodgenorum,Tribonyx_hodgenorum,na,EX
Trichoglossus rubiginosus,Trichoglossus_rubiginosus,no,NULL_Range
Upupa antaios,Upupa_antaios,na,EX
Vini kuhlii,Vini_kuhlii,no,NULL_Range
Vini peruviana,Vini_peruviana,no,NULL_Range
Vini stepheni,Vini_stepheni,no,NULL_Range
Zapornia astrictocarpus,Zapornia_astrictocarpus,na,EX
Zapornia monasa,Zapornia_monasa,na,EX
Zapornia nigra,Zapornia_nigra,na,EX
Zapornia palmeri,Zapornia_palmeri,na,EX
Zapornia sandwichensis,Zapornia_sandwichensis,na,EX
Pterodroma atrata,Pterodroma_atrata,na,NULL_Range
Zenaida graysoni,Zenaida_graysoni,na,EX
Acrocephalus hiwae,Acrocephalus_hiwae,no,NULL_Range
Acrocephalus caffer,Acrocephalus_caffer,no,NULL_Range
Acrocephalus percernis,Acrocephalus_percernis,no,NULL_Range
Acrocephalus mendanae,Acrocephalus_mendanae,no,NULL_Range
Leucocarbo atriceps,Leucocarbo_atriceps,na,habitat_marin
Leucocarbo magellanicus,Leucocarbo_magellanicus,na,habitat_marin
Cinclodes maculirostris,Cinclodes_maculirostris,na,habitat_marin
Edolisoma insperatum,Edolisoma_insperatum,no,NULL_Range
Edolisoma nesiotis,Edolisoma_nesiotis,no,NULL_Range
Hemitriccus cohnhafti,Hemitriccus_cohnhafti,no,NULL_AOH
Hirundo tahitica,Hirundo_tahitica,no,NULL_Range
Junco insularis,Junco_insularis,no,NULL_AOH
Pachycephala jacquinoti,Pachycephala_jacquinoti,no,NULL_Range
Petroica multicolor,Petroica_multicolor,no,NULL_Range
Phylloscopus maforensis,Phylloscopus_maforensis,no,NULL_AOH
Thripophaga amacurensis,Thripophaga_amacurensis,no,NULL_AOH
Phaethon aethereus,Phaethon_aethereus,na,habitat_marin
Zosterops cinereus,Zosterops_cinereus,no,NULL_Range
Zosterops ponapensis,Zosterops_ponapensis,no,NULL_Range
Acrocephalus astrolabii,Acrocephalus_astrolabii,na,EX
Zosterops saypani,Zosterops_saypani,no,NULL_Range
Acrocephalus luscinius,Acrocephalus_luscinius,na,EX
Acrocephalus musae,Acrocephalus_musae,na,EX
Acrocephalus nijoi,Acrocephalus_nijoi,na,EX
Akialoa obscura,Akialoa_obscura,na,EX
Akialoa stejnegeri,Akialoa_stejnegeri,na,EX
Acrocephalus yamashinae,Acrocephalus_yamashinae,na,EX
Akialoa ellisiana,Akialoa_ellisiana,na,EX
Akialoa lanaiensis,Akialoa_lanaiensis,na,EX
Aplonis ulietensis,Aplonis_ulietensis,na,EX
Zosterops semiflavus,Zosterops_semiflavus,na,EX
Foudia delloni,Foudia_delloni,na,EX
Himatione fraithii,Himatione_fraithii,na,EX
Pipilo naufragus,Pipilo_naufragus,na,EX
Pyrocephalus dubius,Pyrocephalus_dubius,na,EX
Morus bassanus,Morus_bassanus,na,habitat_marin
Procellaria conspicillata,Procellaria_conspicillata,na,NULL_AOH
Prosobonia parvirostris,Prosobonia_parvirostris,no,NULL_Range
Pterodroma cahow,Pterodroma_cahow,na,habitat_marin
Pterodroma mollis,Pterodroma_mollis,na,habitat_marin
Puffinus lherminieri,Puffinus_lherminieri,na,habitat_marin
Pterodroma solandri,Pterodroma_solandri,na,NULL_AOH
Puffinus mauretanicus,Puffinus_mauretanicus,na,habitat_marin
Puffinus puffinus,Puffinus_puffinus,na,habitat_marin
Pygoscelis adeliae,Pygoscelis_adeliae,na,NULL_Range
Pygoscelis antarcticus,Pygoscelis_antarcticus,na,habitat_marin
Sula dactylatra,Sula_dactylatra,na,habitat_marin
Sula leucogaster,Sula_leucogaster,na,habitat_marin
Sula sula,Sula_sula,na,habitat_marin
Sula variegata,Sula_variegata,na,habitat_marin
Thalasseus maximus,Thalasseus_maximus,na,habitat_marin
Uria aalge,Uria_aalge,na,habitat_marin
Thalassoica antarctica,Thalassoica_antarctica,na,habitat_marin
Larus leucophthalmus,Larus_leucophthalmus,na,habitat_marin
Aerodramus elaphrus,Aerodramus_elaphrus,no,NULL_Range
Cinclodes nigrofumosus,Cinclodes_nigrofumosus,na,habitat_marin
Porphyrio kukwiedei,Porphyrio_kukwiedei,na,EX
Porphyrio mantelli,Porphyrio_mantelli,na,EX
Ptilinopus coralensis,Ptilinopus_coralensis,no,NULL_Range
Sceloglaux albifacies,Sceloglaux_albifacies,na,EX
Synthliboramphus craveri,Synthliboramphus_craveri,na,habitat_marin
Loxops wolstenholmei,Loxops_wolstenholmei,na,EX
Phaethon rubricauda,Phaethon_rubricauda,na,habitat_marin
Gulosus aristotelis,Gulosus_aristotelis,na,habitat_marin
Acrocephalus atyphus,Acrocephalus_atyphus,no,NULL_Range
Acrocephalus kerearako,Acrocephalus_kerearako,no,NULL_Range
Acrocephalus rehsei,Acrocephalus_rehsei,no,NULL_Range
Acrocephalus vaughani,Acrocephalus_vaughani,no,NULL_Range
Anthus antarcticus,Anthus_antarcticus,no,NULL_Range
Apalopteron familiare,Apalopteron_familiare,no,NULL_Range
Aplonis atrifusca,Aplonis_atrifusca,no,NULL_Range
Aplonis cinerascens,Aplonis_cinerascens,no,NULL_Range
Poikilocarbo gaimardi,Poikilocarbo_gaimardi,na,habitat_marin
Corvus kubaryi,Corvus_kubaryi,no,NULL_Range
Chloridops kona,Chloridops_kona,na,EX
Ciridops anna,Ciridops_anna,na,EX
Corvus hawaiiensis,Corvus_hawaiiensis,na,EX
Drepanis funerea,Drepanis_funerea,na,EX
Aethia pygmaea,Aethia_pygmaea,na,habitat_marin
Drepanis pacifica,Drepanis_pacifica,na,EX
Dysmorodrepanis munroi,Dysmorodrepanis_munroi,na,EX
Gerygone insularis,Gerygone_insularis,na,EX
Gerygone modesta,Gerygone_modesta,no,NULL_Range
Lonchura vana,Lonchura_vana,no,NULL_AOH
Hypsipetes crassirostris,Hypsipetes_crassirostris,no,NULL_Range
Lalage sharpei,Lalage_sharpei,no,NULL_Range
Anas marecula,Anas_marecula,na,EX
Loxops caeruleirostris,Loxops_caeruleirostris,no,NULL_AOH
Malacocincla perspicillata,Malacocincla_perspicillata,no,NULL_AOH
Metabolus rugensis,Metabolus_rugensis,no,NULL_Range
Moho braccatus,Moho_braccatus,na,EX
Moho apicalis,Moho_apicalis,na,EX
Moho bishopi,Moho_bishopi,na,EX
Moho nobilis,Moho_nobilis,na,EX
Myadestes myadestinus,Myadestes_myadestinus,na,EX
Myadestes woahensis,Myadestes_woahensis,na,EX
Myiagra albiventris,Myiagra_albiventris,no,NULL_Range
Myiagra freycineti,Myiagra_freycineti,na,EX
Myiagra oceanica,Myiagra_oceanica,no,NULL_Range
Myiagra pluto,Myiagra_pluto,no,NULL_Range
Haematopus palliatus,Haematopus_palliatus,na,habitat_marin
Haematopus unicolor,Haematopus_unicolor,na,habitat_marin
Myzomela chermesina,Myzomela_chermesina,no,NULL_Range
Necropsar rodericanus,Necropsar_rodericanus,na,EX
Nesillas aldabrana,Nesillas_aldabrana,na,EX
Nesotriccus ridgwayi,Nesotriccus_ridgwayi,no,NULL_Range
Nesospiza acunhae,Nesospiza_acunhae,no,NULL_Range
Nesospiza questi,Nesospiza_questi,no,NULL_Range
Nesospiza wilkinsi,Nesospiza_wilkinsi,no,NULL_Range
Ixobrychus novaezelandiae,Ixobrychus_novaezelandiae,na,EX
Pachycephala flavifrons,Pachycephala_flavifrons,no,NULL_Range
Pomarea iphis,Pomarea_iphis,no,NULL_Range
Paroreomyza flammea,Paroreomyza_flammea,na,EX
Pomarea mendozae,Pomarea_mendozae,no,NULL_Range
Anas nesiotis,Anas_nesiotis,no,NULL_Range
Pinaroloxias inornata,Pinaroloxias_inornata,no,NULL_Range
Pomarea fluxa,Pomarea_fluxa,na,EX
Pomarea mira,Pomarea_mira,no,NULL_Range
Pomarea nigra,Pomarea_nigra,no,NULL_Range
Pomarea nukuhivae,Pomarea_nukuhivae,na,EX
Pomarea pomarea,Pomarea_pomarea,na,EX
Larus hyperboreus,Larus_hyperboreus,na,habitat_marin
Quiscalus palustris,Quiscalus_palustris,na,EX
Rhipidura kubaryi,Rhipidura_kubaryi,no,NULL_Range
Rhipidura nebulosa,Rhipidura_nebulosa,no,NULL_Range
Rhodacanthis flaviceps,Rhodacanthis_flaviceps,na,EX
Rhodacanthis palmeri,Rhodacanthis_palmeri,na,EX
Rowettia goughensis,Rowettia_goughensis,no,NULL_Range
Rukia longirostra,Rukia_longirostra,no,NULL_Range
Rukia ruki,Rukia_ruki,no,NULL_Range
Zoothera terrestris,Zoothera_terrestris,na,EX
Nannopterum harrisi,Nannopterum_harrisi,na,habitat_marin
Phalacrocorax punctatus,Phalacrocorax_punctatus,na,habitat_marin
Traversia lyalli,Traversia_lyalli,na,EX
Chlorostilbon bracei,Chlorostilbon_bracei,na,EX
Turdus ravidus,Turdus_ravidus,na,EX
Turnagra capensis,Turnagra_capensis,na,EX
Turnagra tanagra,Turnagra_tanagra,na,EX
Larus pacificus,Larus_pacificus,na,habitat_marin
Xenicus longipes,Xenicus_longipes,na,EX
Synthliboramphus antiquus,Synthliboramphus_antiquus,na,habitat_marin
Zosterops albogularis,Zosterops_albogularis,no,NULL_Range
Zosterops hypolais,Zosterops_hypolais,no,NULL_Range
Zosterops rotensis,Zosterops_rotensis,no,NULL_Range
Zosterops oleagineus,Zosterops_oleagineus,no,NULL_Range
Zosterops samoensis,Zosterops_samoensis,no,NULL_Range
Alopochen kervazoi,Alopochen_kervazoi,na,EX
Zosterops strenuus,Zosterops_strenuus,na,EX
Zosterops tenuirostris,Zosterops_tenuirostris,no,NULL_Range
Aerodramus bartschi,Aerodramus_bartschi,no,NULL_Range
Aegolius gradyi,Aegolius_gradyi,na,EX
Aerodramus leucophaeus,Aerodramus_leucophaeus,no,NULL_Range
Aerodramus inquietus,Aerodramus_inquietus,no,NULL_Range
Aerodramus sawtelli,Aerodramus_sawtelli,no,NULL_Range
Alectroenas payandeei,Alectroenas_payandeei,na,EX
Alectroenas nitidissimus,Alectroenas_nitidissimus,na,EX
Alectroenas pulcherrimus,Alectroenas_pulcherrimus,no,NULL_Range
Alopecoenas rubescens,Alopecoenas_rubescens,no,NULL_Range
Alopochen mauritiana,Alopochen_mauritiana,na,EX
Alopecoenas ferrugineus,Alopecoenas_ferrugineus,na,EX
Alopecoenas kubaryi,Alopecoenas_kubaryi,no,NULL_Range
Alopecoenas salamonis,Alopecoenas_salamonis,na,EX
Alopecoenas xanthonurus,Alopecoenas_xanthonurus,no,NULL_Range
Amazona martinicana,Amazona_martinicana,na,EX
Amazona violacea,Amazona_violacea,na,EX
Anas aucklandica,Anas_aucklandica,no,NULL_Range
Anas eatoni,Anas_eatoni,no,NULL_Range
Anas theodori,Anas_theodori,na,EX
Anous stolidus,Anous_stolidus,na,habitat_marin
Anous tenuirostris,Anous_tenuirostris,na,habitat_marin
Anous minutus,Anous_minutus,na,habitat_marin
Aptenodytes forsteri,Aptenodytes_forsteri,na,habitat_marin
Aphanapteryx bonasia,Aphanapteryx_bonasia,na,EX
Ara tricolor,Ara_tricolor,na,EX
Atlantisia podarces,Atlantisia_podarces,na,EX
Atlantisia rogersi,Atlantisia_rogersi,no,NULL_Range
Batrachostomus moniliger,Batrachostomus_moniliger,no,NULL_AOH
Bermuteo avivorus,Bermuteo_avivorus,na,EX
Bulweria bifax,Bulweria_bifax,na,EX
Cabalus modestus,Cabalus_modestus,na,EX
Chionis minor,Chionis_minor,na,habitat_marin
Camptorhynchus labradorius,Camptorhynchus_labradorius,na,EX
Caracara lutosa,Caracara_lutosa,na,EX
Zapornia atra,Zapornia_atra,no,NULL_Range
Cepphus columba,Cepphus_columba,na,habitat_marin
Cepphus grylle,Cepphus_grylle,na,habitat_marin
Fregata aquila,Fregata_aquila,na,habitat_marin
Phaethon lepturus,Phaethon_lepturus,na,habitat_marin
Phoebastria albatrus,Phoebastria_albatrus,na,habitat_marin
Copsychus sechellarum,Copsychus_sechellarum,no,NULL_Range
Cossypha heinrichi,Cossypha_heinrichi,no,NULL_AOH
Ardenna pacifica,Ardenna_pacifica,na,habitat_marin
Bulweria bulwerii,Bulweria_bulwerii,na,habitat_marin
Diomedea dabbenena,Diomedea_dabbenena,na,NULL_AOH
Diomedea amsterdamensis,Diomedea_amsterdamensis,na,NULL_AOH
Eudyptes chrysocome,Eudyptes_chrysocome,na,habitat_marin
Eudyptes chrysolophus,Eudyptes_chrysolophus,na,habitat_marin
Fulmarus glacialoides,Fulmarus_glacialoides,na,habitat_marin
Eudyptes moseleyi,Eudyptes_moseleyi,na,NULL_Range
Fulmarus glacialis,Fulmarus_glacialis,na,habitat_marin
Larus scoresbii,Larus_scoresbii,na,habitat_marin
Onychoprion fuscatus,Onychoprion_fuscatus,na,habitat_marin
Phoebastria immutabilis,Phoebastria_immutabilis,na,habitat_marin
Phoebetria fusca,Phoebetria_fusca,na,habitat_marin
Phoebetria palpebrata,Phoebetria_palpebrata,na,habitat_marin
Thalassarche salvini,Thalassarche_salvini,na,habitat_marin
Chionis albus,Chionis_albus,na,habitat_marin
Thalasseus bernsteini,Thalasseus_bernsteini,na,habitat_marin
Acrocephalus rimitarae,Acrocephalus_rimitarae,no,NULL_Range
Diaphorapteryx hawkinsi,Diaphorapteryx_hawkinsi,na,EX
Eclectus infectus,Eclectus_infectus,na,EX
Heteralocha acutirostris,Heteralocha_acutirostris,na,EX
Megapodius pritchardii,Megapodius_pritchardii,no,NULL_Range
Nesoenas duboisi,Nesoenas_duboisi,na,EX
Sterna dougallii,Sterna_dougallii,na,habitat_marin
Todiramphus reichenbachii,Todiramphus_reichenbachii,no,NULL_Range
Ammospiza caudacuta,Ammospiza_caudacuta,na,habitat_marin
Aethia psittacula,Aethia_psittacula,na,habitat_marin
Aethia pusilla,Aethia_pusilla,na,habitat_marin
Alca torda,Alca_torda,na,habitat_marin
Alle alle,Alle_alle,na,habitat_marin
Ammospiza maritima,Ammospiza_maritima,na,habitat_marin
Mimus trifasciatus,Mimus_trifasciatus,no,NULL_AOH
Zosterops natalis,Zosterops_natalis,no,NULL_Range
Alopecoenas erythropterus,Alopecoenas_erythropterus,no,NULL_Range
Eudyptes sclateri,Eudyptes_sclateri,na,habitat_marin
Foudia sechellarum,Foudia_sechellarum,no,NULL_Range
Hydrobates cheimomnestes,Hydrobates_cheimomnestes,na,habitat_marin
Hydrobates leucorhous,Hydrobates_leucorhous,na,habitat_marin
Hydrobates socorroensis,Hydrobates_socorroensis,na,habitat_marin
Phoenicopterus ruber,Phoenicopterus_ruber,na,habitat_marin
Pomarea dimidiata,Pomarea_dimidiata,no,NULL_Range
Puffinus myrtae,Puffinus_myrtae,na,NULL_Range
Todiramphus gambieri,Todiramphus_gambieri,no,NULL_Range
Uria lomvia,Uria_lomvia,na,habitat_marin
Vini ultramarina,Vini_ultramarina,no,NULL_Range
Zosterops conspicillatus,Zosterops_conspicillatus,na,EX
Terpsiphone corvina,Terpsiphone_corvina,no,NULL_Range
Pachyptila macgillivrayi,Pachyptila_macgillivrayi,na,NULL_Range
